Mon	Year	NAO
Dec	1658	-0.3
Jan	1659	0.16
Feb	1659	-0.61
Mar	1659	-0.34
Apr	1659	-0.48
May	1659	-0.23
Jun	1659	0.27
Jul	1659	0.01
Aug	1659	0.1
Sep	1659	-0.44
Oct	1659	0.1
Nov	1659	-0.2
Dec	1659	-1.65
Jan	1660	-3.01
Feb	1660	-0.51
Mar	1660	-0.04
Apr	1660	0.23
May	1660	0.02
Jun	1660	-0.12
Jul	1660	0.08
Aug	1660	0.16
Sep	1660	0.37
Oct	1660	-0.45
Nov	1660	-0.8
Dec	1660	0.93
Jan	1661	0.71
Feb	1661	1.26
Mar	1661	0.16
Apr	1661	0.25
May	1661	-0.33
Jun	1661	0.06
Jul	1661	0.23
Aug	1661	0.7
Sep	1661	0.08
Oct	1661	0.16
Nov	1661	0.51
Dec	1661	1.36
Jan	1662	1.4
Feb	1662	1.2
Mar	1662	0.53
Apr	1662	0.34
May	1662	-0.93
Jun	1662	-0.18
Jul	1662	0.12
Aug	1662	0.09
Sep	1662	-0.14
Oct	1662	-0.19
Nov	1662	0.23
Dec	1662	-1.45
Jan	1663	-2.58
Feb	1663	-2.35
Mar	1663	-0.34
Apr	1663	-0.56
May	1663	-0.35
Jun	1663	0.03
Jul	1663	0.14
Aug	1663	0.11
Sep	1663	-0.03
Oct	1663	-0.18
Nov	1663	-0.25
Dec	1663	0.2
Jan	1664	0.1
Feb	1664	0.41
Mar	1664	-0.43
Apr	1664	-0.28
May	1664	-0.26
Jun	1664	-0.04
Jul	1664	0.07
Aug	1664	0.11
Sep	1664	-0.15
Oct	1664	-0.95
Nov	1664	-0.37
Dec	1664	-0.87
Jan	1665	-2.52
Feb	1665	-2.2
Mar	1665	-0.95
Apr	1665	-0.85
May	1665	-0.2
Jun	1665	0
Jul	1665	0.19
Aug	1665	0.28
Sep	1665	0.07
Oct	1665	-0.71
Nov	1665	-0.4
Dec	1665	-1.05
Jan	1666	-0.34
Feb	1666	0.17
Mar	1666	-0.65
Apr	1666	0.02
May	1666	0.26
Jun	1666	-0.14
Jul	1666	-0.15
Aug	1666	0.01
Sep	1666	0.07
Oct	1666	-0.39
Nov	1666	-0.31
Dec	1666	-1.37
Jan	1667	-2.7
Feb	1667	1.09
Mar	1667	-0.84
Apr	1667	-0.39
May	1667	-0.95
Jun	1667	-0.4
Jul	1667	0.03
Aug	1667	-0.01
Sep	1667	-0.1
Oct	1667	-0.33
Nov	1667	-0.63
Dec	1667	-0.42
Jan	1668	0.87
Feb	1668	0.45
Mar	1668	-0.26
Apr	1668	-0.41
May	1668	-0.82
Jun	1668	0.26
Jul	1668	0.11
Aug	1668	0.08
Sep	1668	-0.28
Oct	1668	0.31
Nov	1668	0.44
Dec	1668	1.13
Jan	1669	-1.42
Feb	1669	0.09
Mar	1669	-0.25
Apr	1669	-0.94
May	1669	-0.51
Jun	1669	0.1
Jul	1669	0.07
Aug	1669	0.03
Sep	1669	0.42
Oct	1669	0.18
Nov	1669	-0.09
Dec	1669	-1.91
Jan	1670	-0.55
Feb	1670	-2.36
Mar	1670	0.31
Apr	1670	-0.55
May	1670	-0.33
Jun	1670	-0.02
Jul	1670	0.06
Aug	1670	-0.32
Sep	1670	0.57
Oct	1670	0.01
Nov	1670	-0.46
Dec	1670	-0.44
Jan	1671	1.1
Feb	1671	0.54
Mar	1671	-0.32
Apr	1671	0.05
May	1671	-0.3
Jun	1671	0.08
Jul	1671	-0.14
Aug	1671	0.09
Sep	1671	0.08
Oct	1671	-0.07
Nov	1671	-0.29
Dec	1671	-0.08
Jan	1672	-0.85
Feb	1672	-0.98
Mar	1672	0.21
Apr	1672	-0.51
May	1672	-0.53
Jun	1672	-0.38
Jul	1672	0.19
Aug	1672	0.29
Sep	1672	-0.26
Oct	1672	0.28
Nov	1672	0.18
Dec	1672	0.23
Jan	1673	1.03
Feb	1673	0.26
Mar	1673	-0.22
Apr	1673	-0.51
May	1673	0.13
Jun	1673	-0.11
Jul	1673	0.15
Aug	1673	0.14
Sep	1673	-0.27
Oct	1673	-0.44
Nov	1673	-0.61
Dec	1673	-0.81
Jan	1674	-0.74
Feb	1674	-1.21
Mar	1674	-0.74
Apr	1674	0.09
May	1674	-0.36
Jun	1674	0.23
Jul	1674	0.15
Aug	1674	0.42
Sep	1674	-0.89
Oct	1674	-0.11
Nov	1674	-0.19
Dec	1674	0.1
Jan	1675	1.04
Feb	1675	0.27
Mar	1675	-0.82
Apr	1675	-0.54
May	1675	-0.77
Jun	1675	0.14
Jul	1675	-0.12
Aug	1675	-0.12
Sep	1675	-1.1
Oct	1675	-0.82
Nov	1675	-1.62
Dec	1675	0.79
Jan	1676	0.87
Feb	1676	1.2
Mar	1676	-0.93
Apr	1676	-0.41
May	1676	0.29
Jun	1676	0.02
Jul	1676	0.21
Aug	1676	-0.12
Sep	1676	0.12
Oct	1676	-0.43
Nov	1676	-1.91
Dec	1676	-0.94
Jan	1677	0.47
Feb	1677	0.44
Mar	1677	-0.5
Apr	1677	-0.89
May	1677	-1.11
Jun	1677	-0.72
Jul	1677	0.16
Aug	1677	0.25
Sep	1677	-0.13
Oct	1677	-0.75
Nov	1677	-0.5
Dec	1677	-0.97
Jan	1678	0.65
Feb	1678	0.65
Mar	1678	-0.61
Apr	1678	-0.12
May	1678	-0.07
Jun	1678	0.11
Jul	1678	0.41
Aug	1678	0.74
Sep	1678	1.78
Oct	1678	-0.01
Nov	1678	-0.4
Dec	1678	-0.62
Jan	1679	-1.04
Feb	1679	-1.03
Mar	1679	-0.95
Apr	1679	0.01
May	1679	-0.13
Jun	1679	-0.06
Jul	1679	0.29
Aug	1679	0.24
Sep	1679	0.03
Oct	1679	0.49
Nov	1679	-1.44
Dec	1679	-0.01
Jan	1680	1.3
Feb	1680	1.41
Mar	1680	2.14
Apr	1680	1.26
May	1680	0.87
Jun	1680	-0.13
Jul	1680	0.44
Aug	1680	0.34
Sep	1680	1.43
Oct	1680	1.06
Nov	1680	0.35
Dec	1680	-0.92
Jan	1681	-1.18
Feb	1681	-0.43
Mar	1681	-0.52
Apr	1681	-0.04
May	1681	-0.42
Jun	1681	-0.09
Jul	1681	0.43
Aug	1681	0.14
Sep	1681	0.59
Oct	1681	0.41
Nov	1681	0.64
Dec	1681	-0.38
Jan	1682	1.61
Feb	1682	0.6
Mar	1682	0.02
Apr	1682	-0.66
May	1682	0.21
Jun	1682	0.26
Jul	1682	0.38
Aug	1682	0.5
Sep	1682	-0.47
Oct	1682	-0.2
Nov	1682	0.02
Dec	1682	1.28
Jan	1683	0.51
Feb	1683	0.18
Mar	1683	0.81
Apr	1683	0.13
May	1683	-0.23
Jun	1683	-0.52
Jul	1683	0.43
Aug	1683	0.5
Sep	1683	0.47
Oct	1683	-1.2
Nov	1683	-0.9
Dec	1683	-1.04
Jan	1684	-1.93
Feb	1684	-3.08
Mar	1684	-0.57
Apr	1684	-1
May	1684	0.61
Jun	1684	-0.6
Jul	1684	0.58
Aug	1684	0.53
Sep	1684	-0.16
Oct	1684	0.47
Nov	1684	-1.19
Dec	1684	0.29
Jan	1685	-1.01
Feb	1685	0.01
Mar	1685	-1.13
Apr	1685	0.26
May	1685	1.07
Jun	1685	-0.22
Jul	1685	-0.19
Aug	1685	-0.34
Sep	1685	-1.15
Oct	1685	0.61
Nov	1685	0.06
Dec	1685	1
Jan	1686	1.73
Feb	1686	0.79
Mar	1686	0.41
Apr	1686	-0.23
May	1686	0.38
Jun	1686	-0.15
Jul	1686	0.12
Aug	1686	0.27
Sep	1686	0.31
Oct	1686	0.01
Nov	1686	-0.38
Dec	1686	0.43
Jan	1687	0.11
Feb	1687	0.39
Mar	1687	-0.13
Apr	1687	0.13
May	1687	-0.98
Jun	1687	0.18
Jul	1687	0.11
Aug	1687	0.68
Sep	1687	-0.81
Oct	1687	0.6
Nov	1687	0.63
Dec	1687	0.64
Jan	1688	-1.48
Feb	1688	-1.32
Mar	1688	-1
Apr	1688	-0.53
May	1688	-0.23
Jun	1688	-0.52
Jul	1688	-0.27
Aug	1688	-0.47
Sep	1688	-0.02
Oct	1688	-1.09
Nov	1688	-0.47
Dec	1688	0.19
Jan	1689	-0.98
Feb	1689	0.44
Mar	1689	-0.64
Apr	1689	0.24
May	1689	-0.45
Jun	1689	-0.08
Jul	1689	0.34
Aug	1689	0.32
Sep	1689	0
Oct	1689	-0.36
Nov	1689	-0.87
Dec	1689	0.44
Jan	1690	1
Feb	1690	0.68
Mar	1690	-0.67
Apr	1690	-0.45
May	1690	-0.43
Jun	1690	0.28
Jul	1690	0.24
Aug	1690	0.23
Sep	1690	-0.66
Oct	1690	-0.05
Nov	1690	0.24
Dec	1690	-0.11
Jan	1691	-1.17
Feb	1691	-1.07
Mar	1691	-0.61
Apr	1691	-0.49
May	1691	-0.31
Jun	1691	-0.77
Jul	1691	-0.42
Aug	1691	-0.37
Sep	1691	-0.71
Oct	1691	-0.42
Nov	1691	-2.22
Dec	1691	-0.22
Jan	1692	-1.3
Feb	1692	-1.52
Mar	1692	-0.86
Apr	1692	0.08
May	1692	-0.34
Jun	1692	-0.01
Jul	1692	0.21
Aug	1692	0.35
Sep	1692	-0.29
Oct	1692	-1.12
Nov	1692	-0.31
Dec	1692	-0.09
Jan	1693	1.23
Feb	1693	1.59
Mar	1693	-0.21
Apr	1693	0.11
May	1693	-0.72
Jun	1693	0.04
Jul	1693	0.21
Aug	1693	0.29
Sep	1693	-0.22
Oct	1693	-0.41
Nov	1693	0.09
Dec	1693	-0.28
Jan	1694	-2.35
Feb	1694	0.02
Mar	1694	0.05
Apr	1694	1.13
May	1694	0.03
Jun	1694	-1
Jul	1694	0.04
Aug	1694	0.6
Sep	1694	-0.64
Oct	1694	-1.03
Nov	1694	-0.23
Dec	1694	-0.74
Jan	1695	-3.71
Feb	1695	-3.23
Mar	1695	-1.55
Apr	1695	-1.39
May	1695	-0.83
Jun	1695	-1.59
Jul	1695	-1.23
Aug	1695	-1.25
Sep	1695	-0.89
Oct	1695	-0.36
Nov	1695	-0.87
Dec	1695	-0.42
Jan	1696	1.37
Feb	1696	0.75
Mar	1696	-0.9
Apr	1696	-0.43
May	1696	-0.02
Jun	1696	0.16
Jul	1696	0.06
Aug	1696	0.14
Sep	1696	-0.59
Oct	1696	-0.01
Nov	1696	-0.52
Dec	1696	-1.05
Jan	1697	-2.06
Feb	1697	-1.02
Mar	1697	-0.65
Apr	1697	-0.82
May	1697	-1.37
Jun	1697	0.2
Jul	1697	0.24
Aug	1697	0.69
Sep	1697	0.02
Oct	1697	-0.69
Nov	1697	-1.26
Dec	1697	-0.59
Jan	1698	-0.91
Feb	1698	-0.83
Mar	1698	-0.29
Apr	1698	-0.21
May	1698	-0.72
Jun	1698	0.06
Jul	1698	0.12
Aug	1698	-0.04
Sep	1698	0.12
Oct	1698	-0.13
Nov	1698	-0.52
Dec	1698	-1.39
Jan	1699	-0.35
Feb	1699	-0.91
Mar	1699	-0.85
Apr	1699	-0.63
May	1699	-0.43
Jun	1699	-0.1
Jul	1699	-0.15
Aug	1699	0.66
Sep	1699	0.28
Oct	1699	-0.36
Nov	1699	-0.64
Dec	1699	0.43
Jan	1700	-0.01
Feb	1700	1.03
Mar	1700	-0.82
Apr	1700	0.23
May	1700	0.82
Jun	1700	0.14
Jul	1700	0.24
Aug	1700	-0.63
Sep	1700	-0.12
Oct	1700	0.12
Nov	1700	-0.48
Dec	1700	-0.04
Jan	1701	1.15
Feb	1701	0.86
Mar	1701	-0.65
Apr	1701	-1.76
May	1701	-0.46
Jun	1701	-0.7
Jul	1701	-0.71
Aug	1701	0.56
Sep	1701	0.51
Oct	1701	-0.74
Nov	1701	-0.03
Dec	1701	0.15
Jan	1702	1.65
Feb	1702	1.29
Mar	1702	0.19
Apr	1702	-0.71
May	1702	-0.49
Jun	1702	0.05
Jul	1702	0.36
Aug	1702	0.31
Sep	1702	0.33
Oct	1702	0.2
Nov	1702	-0.82
Dec	1702	0.46
Jan	1703	0.11
Feb	1703	0.96
Mar	1703	-0.37
Apr	1703	-0.2
May	1703	0.79
Jun	1703	-0.23
Jul	1703	-0.13
Aug	1703	-0.19
Sep	1703	0.03
Oct	1703	-0.39
Nov	1703	0.29
Dec	1703	-0.38
Jan	1704	-0.27
Feb	1704	-0.54
Mar	1704	-0.72
Apr	1704	-0.03
May	1704	-0.34
Jun	1704	-0.37
Jul	1704	-0.39
Aug	1704	-0.36
Sep	1704	-0.04
Oct	1704	-0.82
Nov	1704	0.42
Dec	1704	0.32
Jan	1705	-0.77
Feb	1705	-0.76
Mar	1705	-0.35
Apr	1705	0.13
May	1705	-0.51
Jun	1705	-0.67
Jul	1705	0.09
Aug	1705	0.86
Sep	1705	-1.26
Oct	1705	0.66
Nov	1705	-0.76
Dec	1705	1.42
Jan	1706	0.72
Feb	1706	0.83
Mar	1706	-0.22
Apr	1706	0.17
May	1706	0.66
Jun	1706	0.31
Jul	1706	0.09
Aug	1706	0.32
Sep	1706	0.45
Oct	1706	0.39
Nov	1706	0.87
Dec	1706	0.31
Jan	1707	-0.24
Feb	1707	0.06
Mar	1707	-0.1
Apr	1707	0.04
May	1707	-0.41
Jun	1707	0.32
Jul	1707	0.23
Aug	1707	0.06
Sep	1707	0.48
Oct	1707	-0.78
Nov	1707	0.03
Dec	1707	0.97
Jan	1708	2.03
Feb	1708	-1.03
Mar	1708	0.25
Apr	1708	-0.1
May	1708	-0.79
Jun	1708	0.23
Jul	1708	0.19
Aug	1708	0.09
Sep	1708	1.15
Oct	1708	-2.02
Nov	1708	-0.58
Dec	1708	-0.29
Jan	1709	-0.67
Feb	1709	-0.71
Mar	1709	-0.69
Apr	1709	0.7
May	1709	-0.64
Jun	1709	-0.61
Jul	1709	0.32
Aug	1709	0.23
Sep	1709	0.03
Oct	1709	-0.43
Nov	1709	0.45
Dec	1709	0.34
Jan	1710	0.59
Feb	1710	0.42
Mar	1710	0.13
Apr	1710	-0.86
May	1710	-0.3
Jun	1710	0.53
Jul	1710	0.63
Aug	1710	0.22
Sep	1710	-0.13
Oct	1710	-0.29
Nov	1710	0.89
Dec	1710	1.33
Jan	1711	1.62
Feb	1711	-0.17
Mar	1711	0.04
Apr	1711	0.58
May	1711	1.09
Jun	1711	-0.14
Jul	1711	0.46
Aug	1711	0.1
Sep	1711	-0.29
Oct	1711	-0.44
Nov	1711	0.36
Dec	1711	0.37
Jan	1712	0.84
Feb	1712	1.04
Mar	1712	-0.22
Apr	1712	-0.79
May	1712	-1.06
Jun	1712	-0.41
Jul	1712	0.04
Aug	1712	0.08
Sep	1712	-0.25
Oct	1712	0.6
Nov	1712	0.78
Dec	1712	0.43
Jan	1713	1
Feb	1713	2.59
Mar	1713	-1.28
Apr	1713	-1.09
May	1713	-1.29
Jun	1713	-0.5
Jul	1713	-0.29
Aug	1713	-0.53
Sep	1713	-0.33
Oct	1713	-0.4
Nov	1713	-1.48
Dec	1713	0.41
Jan	1714	-0.72
Feb	1714	-0.16
Mar	1714	0.16
Apr	1714	-0.09
May	1714	-0.63
Jun	1714	-1.51
Jul	1714	-1.32
Aug	1714	-0.46
Sep	1714	-0.5
Oct	1714	0.06
Nov	1714	0.57
Dec	1714	-0.02
Jan	1715	-0.36
Feb	1715	0.47
Mar	1715	-0.09
Apr	1715	0.4
May	1715	-0.63
Jun	1715	-0.02
Jul	1715	0.1
Aug	1715	0.07
Sep	1715	0
Oct	1715	0.8
Nov	1715	0.12
Dec	1715	-1.63
Jan	1716	-2.41
Feb	1716	-0.39
Mar	1716	-0.6
Apr	1716	-0.56
May	1716	-0.79
Jun	1716	0.21
Jul	1716	0.19
Aug	1716	0.18
Sep	1716	-0.81
Oct	1716	-0.5
Nov	1716	-0.73
Dec	1716	-0.61
Jan	1717	-0.26
Feb	1717	-0.57
Mar	1717	-0.43
Apr	1717	-0.61
May	1717	-0.7
Jun	1717	0.13
Jul	1717	0.41
Aug	1717	0.28
Sep	1717	-0.19
Oct	1717	-0.22
Nov	1717	-0.4
Dec	1717	-0.42
Jan	1718	-1.04
Feb	1718	-0.86
Mar	1718	0.04
Apr	1718	-0.08
May	1718	0.2
Jun	1718	0.02
Jul	1718	-0.04
Aug	1718	0.06
Sep	1718	0.19
Oct	1718	-0.02
Nov	1718	0.45
Dec	1718	0.24
Jan	1719	-0.45
Feb	1719	0.16
Mar	1719	0.3
Apr	1719	-1.37
May	1719	-0.31
Jun	1719	-0.43
Jul	1719	0.09
Aug	1719	0.02
Sep	1719	-0.17
Oct	1719	-0.62
Nov	1719	-0.2
Dec	1719	-0.73
Jan	1720	0.1
Feb	1720	-0.41
Mar	1720	-0.89
Apr	1720	-0.42
May	1720	0.21
Jun	1720	-0.24
Jul	1720	-0.24
Aug	1720	0.32
Sep	1720	-0.38
Oct	1720	-0.14
Nov	1720	-0.15
Dec	1720	-0.1
Jan	1721	0.59
Feb	1721	-1.15
Mar	1721	-1.71
Apr	1721	0.49
May	1721	-0.52
Jun	1721	0.08
Jul	1721	0.08
Aug	1721	0.12
Sep	1721	0.32
Oct	1721	-0.87
Nov	1721	0.1
Dec	1721	-0.12
Jan	1722	0.1
Feb	1722	0.92
Mar	1722	0.75
Apr	1722	-0.37
May	1722	0.39
Jun	1722	1.23
Jul	1722	0.9
Aug	1722	1.43
Sep	1722	-0.82
Oct	1722	0.49
Nov	1722	2.51
Dec	1722	1.01
Jan	1723	-0.3
Feb	1723	1.33
Mar	1723	2.29
Apr	1723	0.59
May	1723	-0.53
Jun	1723	-0.47
Jul	1723	-1.48
Aug	1723	2.25
Sep	1723	-0.81
Oct	1723	0.95
Nov	1723	0.15
Dec	1723	1.84
Jan	1724	2.49
Feb	1724	0.53
Mar	1724	0.57
Apr	1724	-1.19
May	1724	-1.54
Jun	1724	-0.46
Jul	1724	-0.83
Aug	1724	0.15
Sep	1724	-0.77
Oct	1724	-0.68
Nov	1724	-0.81
Dec	1724	-1.16
Jan	1725	1.17
Feb	1725	-0.41
Mar	1725	0.29
Apr	1725	-1.11
May	1725	0.28
Jun	1725	0.34
Jul	1725	0.25
Aug	1725	-0.49
Sep	1725	-1.58
Oct	1725	-1.26
Nov	1725	0.21
Dec	1725	0.82
Jan	1726	-1.19
Feb	1726	0.18
Mar	1726	0.02
Apr	1726	-0.23
May	1726	0.29
Jun	1726	-0.57
Jul	1726	0.04
Aug	1726	-0.08
Sep	1726	0.06
Oct	1726	-0.44
Nov	1726	-0.31
Dec	1726	-1.76
Jan	1727	0.46
Feb	1727	-0.23
Mar	1727	0.11
Apr	1727	-0.8
May	1727	0.17
Jun	1727	-0.49
Jul	1727	-0.76
Aug	1727	0.28
Sep	1727	2.43
Oct	1727	0.8
Nov	1727	0.64
Dec	1727	0.42
Jan	1728	1.05
Feb	1728	-1.8
Mar	1728	0.86
Apr	1728	-0.28
May	1728	0.05
Jun	1728	-0.17
Jul	1728	-0.6
Aug	1728	0.92
Sep	1728	0.26
Oct	1728	0.05
Nov	1728	-0.32
Dec	1728	-0.93
Jan	1729	-1.06
Feb	1729	-0.75
Mar	1729	-1.78
Apr	1729	-0.57
May	1729	-1.03
Jun	1729	-0.11
Jul	1729	-0.26
Aug	1729	-1.06
Sep	1729	0.73
Oct	1729	0.58
Nov	1729	0.05
Dec	1729	0.65
Jan	1730	-0.39
Feb	1730	0.51
Mar	1730	0
Apr	1730	-0.33
May	1730	0.34
Jun	1730	0.24
Jul	1730	0.86
Aug	1730	2.06
Sep	1730	-0.27
Oct	1730	-1.15
Nov	1730	0.66
Dec	1730	0.14
Jan	1731	-0.99
Feb	1731	-0.93
Mar	1731	0.51
Apr	1731	-0.62
May	1731	-0.71
Jun	1731	-0.57
Jul	1731	-0.58
Aug	1731	-1.63
Sep	1731	-0.25
Oct	1731	0.68
Nov	1731	0.91
Dec	1731	0.51
Jan	1732	-1.26
Feb	1732	1.13
Mar	1732	2.12
Apr	1732	0.39
May	1732	-0.27
Jun	1732	0.06
Jul	1732	1.24
Aug	1732	1.69
Sep	1732	-0.18
Oct	1732	0.49
Nov	1732	-0.07
Dec	1732	-2.43
Jan	1733	1.93
Feb	1733	1.25
Mar	1733	1.13
Apr	1733	-0.03
May	1733	-0.53
Jun	1733	-0.6
Jul	1733	0.6
Aug	1733	-0.84
Sep	1733	-0.73
Oct	1733	0.2
Nov	1733	0.72
Dec	1733	2.2
Jan	1734	0.24
Feb	1734	1.67
Mar	1734	0.94
Apr	1734	0.24
May	1734	-0.28
Jun	1734	-1.24
Jul	1734	-0.63
Aug	1734	-0.53
Sep	1734	-0.37
Oct	1734	0.58
Nov	1734	-1.28
Dec	1734	-0.06
Jan	1735	1.49
Feb	1735	0.94
Mar	1735	0.98
Apr	1735	0.47
May	1735	0.71
Jun	1735	-0.49
Jul	1735	0.26
Aug	1735	-0.18
Sep	1735	0.93
Oct	1735	-1
Nov	1735	-0.83
Dec	1735	0.08
Jan	1736	1.04
Feb	1736	-0.29
Mar	1736	-0.85
Apr	1736	-0.07
May	1736	-0.63
Jun	1736	-0.41
Jul	1736	0.66
Aug	1736	0.4
Sep	1736	-0.9
Oct	1736	0.03
Nov	1736	0.5
Dec	1736	1.86
Jan	1737	1.87
Feb	1737	1.05
Mar	1737	1.11
Apr	1737	-0.49
May	1737	0.56
Jun	1737	-0.37
Jul	1737	0.41
Aug	1737	1.49
Sep	1737	1.61
Oct	1737	0.82
Nov	1737	-0.24
Dec	1737	0.41
Jan	1738	0.77
Feb	1738	0.51
Mar	1738	0.67
Apr	1738	0.93
May	1738	0.13
Jun	1738	0.22
Jul	1738	0.78
Aug	1738	2.84
Sep	1738	1.06
Oct	1738	1.85
Nov	1738	-1.4
Dec	1738	0.57
Jan	1739	-0.17
Feb	1739	0.73
Mar	1739	1.36
Apr	1739	-1.35
May	1739	-0.64
Jun	1739	-0.57
Jul	1739	0.17
Aug	1739	0.55
Sep	1739	1.05
Oct	1739	-1.27
Nov	1739	-1.47
Dec	1739	1.56
Jan	1740	-2.38
Feb	1740	-1.14
Mar	1740	-0.38
Apr	1740	-0.55
May	1740	-1.46
Jun	1740	-0.13
Jul	1740	-0.16
Aug	1740	0.09
Sep	1740	2.04
Oct	1740	-1.88
Nov	1740	-0.93
Dec	1740	0.37
Jan	1741	-1.54
Feb	1741	0.98
Mar	1741	-0.94
Apr	1741	-1.1
May	1741	-0.74
Jun	1741	-0.27
Jul	1741	-0.95
Aug	1741	0.2
Sep	1741	0.42
Oct	1741	0.96
Nov	1741	1.13
Dec	1741	0.08
Jan	1742	-0.78
Feb	1742	1.19
Mar	1742	-1.08
Apr	1742	-1.52
May	1742	-1.32
Jun	1742	-1.59
Jul	1742	0.46
Aug	1742	-0.61
Sep	1742	-0.99
Oct	1742	0.64
Nov	1742	0.95
Dec	1742	-2.48
Jan	1743	1.09
Feb	1743	1.32
Mar	1743	0.48
Apr	1743	0.44
May	1743	0.18
Jun	1743	0.91
Jul	1743	0.06
Aug	1743	1.53
Sep	1743	-0.04
Oct	1743	-0.68
Nov	1743	1.67
Dec	1743	0.09
Jan	1744	-0.6
Feb	1744	-0.36
Mar	1744	0.61
Apr	1744	1.09
May	1744	0.26
Jun	1744	1.87
Jul	1744	-0.51
Aug	1744	0.71
Sep	1744	0.59
Oct	1744	-0.02
Nov	1744	0.57
Dec	1744	-0.58
Jan	1745	-0.03
Feb	1745	-0.95
Mar	1745	-0.23
Apr	1745	-0.75
May	1745	0.09
Jun	1745	2.04
Jul	1745	0.09
Aug	1745	-0.1
Sep	1745	-1.02
Oct	1745	0
Nov	1745	-0.98
Dec	1745	-1.31
Jan	1746	0.53
Feb	1746	-0.69
Mar	1746	-1.2
Apr	1746	-0.19
May	1746	0.07
Jun	1746	0.44
Jul	1746	0.32
Aug	1746	2.26
Sep	1746	0.92
Oct	1746	0
Nov	1746	-1.37
Dec	1746	1.2
Jan	1747	-1.08
Feb	1747	0.27
Mar	1747	-2.22
Apr	1747	-0.57
May	1747	0.16
Jun	1747	0.84
Jul	1747	-0.73
Aug	1747	-0.35
Sep	1747	1.53
Oct	1747	0.7
Nov	1747	-0.12
Dec	1747	1.65
Jan	1748	-0.45
Feb	1748	0.4
Mar	1748	-2.92
Apr	1748	-0.05
May	1748	0.41
Jun	1748	0.16
Jul	1748	0.67
Aug	1748	-0.31
Sep	1748	-0.26
Oct	1748	0.56
Nov	1748	-0.94
Dec	1748	1.54
Jan	1749	1.61
Feb	1749	-0.24
Mar	1749	-1.26
Apr	1749	-0.67
May	1749	0.86
Jun	1749	0.66
Jul	1749	-0.08
Aug	1749	0.95
Sep	1749	-0.1
Oct	1749	-1.07
Nov	1749	-0.26
Dec	1749	0.97
Jan	1750	0.62
Feb	1750	2.79
Mar	1750	2.27
Apr	1750	1.55
May	1750	-0.43
Jun	1750	0.11
Jul	1750	-0.61
Aug	1750	0.8
Sep	1750	-0.36
Oct	1750	-2.56
Nov	1750	-2.75
Dec	1750	-1.37
Jan	1751	0.01
Feb	1751	-1.95
Mar	1751	2.21
Apr	1751	-0.47
May	1751	0.24
Jun	1751	-0.19
Jul	1751	-0.15
Aug	1751	1.16
Sep	1751	-0.64
Oct	1751	-0.26
Nov	1751	-0.59
Dec	1751	-0.71
Jan	1752	-0.68
Feb	1752	-0.46
Mar	1752	0.93
Apr	1752	-0.94
May	1752	-1.08
Jun	1752	0.53
Jul	1752	1.37
Aug	1752	2.44
Sep	1752	-0.56
Oct	1752	0.3
Nov	1752	0.58
Dec	1752	-0.04
Jan	1753	-1.47
Feb	1753	0.32
Mar	1753	0.64
Apr	1753	0.52
May	1753	-0.89
Jun	1753	-0.32
Jul	1753	0.62
Aug	1753	0.35
Sep	1753	-0.25
Oct	1753	1
Nov	1753	0.09
Dec	1753	-3.21
Jan	1754	-0.4
Feb	1754	0.57
Mar	1754	-1.98
Apr	1754	-0.74
May	1754	0.36
Jun	1754	0.94
Jul	1754	0.09
Aug	1754	-0.36
Sep	1754	-1.35
Oct	1754	0.07
Nov	1754	-0.38
Dec	1754	1.3
Jan	1755	-0.76
Feb	1755	-1.93
Mar	1755	-0.76
Apr	1755	2.05
May	1755	-0.44
Jun	1755	0.71
Jul	1755	0.66
Aug	1755	-0.01
Sep	1755	-0.4
Oct	1755	0.3
Nov	1755	1.13
Dec	1755	-0.55
Jan	1756	1.32
Feb	1756	1.12
Mar	1756	0.96
Apr	1756	-0.31
May	1756	-1.75
Jun	1756	0.35
Jul	1756	-0.76
Aug	1756	-1.4
Sep	1756	-0.69
Oct	1756	-0.2
Nov	1756	-1.97
Dec	1756	-1.53
Jan	1757	-2.27
Feb	1757	0.25
Mar	1757	0.53
Apr	1757	1.26
May	1757	-0.32
Jun	1757	0.18
Jul	1757	0.47
Aug	1757	-0.77
Sep	1757	-0.83
Oct	1757	-2.49
Nov	1757	0.53
Dec	1757	-1.84
Jan	1758	-1.94
Feb	1758	-0.16
Mar	1758	-0.06
Apr	1758	-1.39
May	1758	0.28
Jun	1758	-0.1
Jul	1758	-0.48
Aug	1758	-1.22
Sep	1758	-1.57
Oct	1758	-1.67
Nov	1758	-0.55
Dec	1758	-0.54
Jan	1759	1.71
Feb	1759	1.2
Mar	1759	1.04
Apr	1759	0.21
May	1759	-0.83
Jun	1759	0.18
Jul	1759	0.08
Aug	1759	-0.65
Sep	1759	-0.63
Oct	1759	0.12
Nov	1759	-0.96
Dec	1759	-2.58
Jan	1760	-3.11
Feb	1760	0.27
Mar	1760	0.23
Apr	1760	-0.32
May	1760	0.61
Jun	1760	0.28
Jul	1760	0.46
Aug	1760	0.75
Sep	1760	1.21
Oct	1760	-0.22
Nov	1760	-0.44
Dec	1760	-0.29
Jan	1761	-0.69
Feb	1761	1.71
Mar	1761	0.67
Apr	1761	0.49
May	1761	1
Jun	1761	0.43
Jul	1761	1.42
Aug	1761	-0.71
Sep	1761	1.59
Oct	1761	-2.02
Nov	1761	0.13
Dec	1761	-1.94
Jan	1762	1.24
Feb	1762	1.09
Mar	1762	-1.24
Apr	1762	0.62
May	1762	0.27
Jun	1762	-0.2
Jul	1762	0.25
Aug	1762	-0.26
Sep	1762	-0.76
Oct	1762	-2.24
Nov	1762	0.18
Dec	1762	-0.6
Jan	1763	-1.68
Feb	1763	1.65
Mar	1763	-0.34
Apr	1763	-0.67
May	1763	-0.36
Jun	1763	-0.35
Jul	1763	1.45
Aug	1763	0.87
Sep	1763	-1.43
Oct	1763	-0.51
Nov	1763	-0.5
Dec	1763	-0.1
Jan	1764	1.3
Feb	1764	0.89
Mar	1764	-0.67
Apr	1764	0.52
May	1764	0.97
Jun	1764	0.55
Jul	1764	0.67
Aug	1764	0.14
Sep	1764	0.02
Oct	1764	-0.51
Nov	1764	-1.21
Dec	1764	-0.91
Jan	1765	1.4
Feb	1765	0.39
Mar	1765	1.71
Apr	1765	1.16
May	1765	-1.14
Jun	1765	0.15
Jul	1765	-0.47
Aug	1765	0.17
Sep	1765	-1.24
Oct	1765	1.05
Nov	1765	0.72
Dec	1765	-1.95
Jan	1766	-2.66
Feb	1766	-0.54
Mar	1766	0.47
Apr	1766	0.72
May	1766	0.07
Jun	1766	1.08
Jul	1766	0.79
Aug	1766	1.01
Sep	1766	0.1
Oct	1766	-0.41
Nov	1766	1.08
Dec	1766	-1.62
Jan	1767	-2.88
Feb	1767	1.39
Mar	1767	0.19
Apr	1767	-1.83
May	1767	0.22
Jun	1767	0.04
Jul	1767	0.23
Aug	1767	-0.06
Sep	1767	1.13
Oct	1767	0.36
Nov	1767	1.09
Dec	1767	-1.36
Jan	1768	-1.58
Feb	1768	1.14
Mar	1768	-1.66
Apr	1768	0.8
May	1768	-0.61
Jun	1768	-1.6
Jul	1768	-0.7
Aug	1768	0.24
Sep	1768	-0.7
Oct	1768	-0.69
Nov	1768	1.2
Dec	1768	0.67
Jan	1769	-0.33
Feb	1769	0.07
Mar	1769	-0.31
Apr	1769	-0.56
May	1769	-0.16
Jun	1769	1.59
Jul	1769	0.54
Aug	1769	1.34
Sep	1769	0.05
Oct	1769	-3.49
Nov	1769	-1.08
Dec	1769	-0.07
Jan	1770	-0.16
Feb	1770	1.22
Mar	1770	-2.42
Apr	1770	-0.86
May	1770	-1.49
Jun	1770	2.14
Jul	1770	-0.34
Aug	1770	0.93
Sep	1770	1.54
Oct	1770	2.47
Nov	1770	-0.5
Dec	1770	1.1
Jan	1771	-0.68
Feb	1771	-0.95
Mar	1771	-3.03
Apr	1771	-2.35
May	1771	-0.11
Jun	1771	-1.12
Jul	1771	1.14
Aug	1771	1.03
Sep	1771	-0.54
Oct	1771	1.13
Nov	1771	-0.77
Dec	1771	1.27
Jan	1772	-1.75
Feb	1772	-2.22
Mar	1772	-1.88
Apr	1772	-0.82
May	1772	-2.69
Jun	1772	-0.01
Jul	1772	0.6
Aug	1772	1.33
Sep	1772	1.13
Oct	1772	3.29
Nov	1772	3.75
Dec	1772	0.29
Jan	1773	0.15
Feb	1773	-0.15
Mar	1773	-0.27
Apr	1773	1.08
May	1773	-0.15
Jun	1773	-0.09
Jul	1773	-0.34
Aug	1773	0.57
Sep	1773	3.2
Oct	1773	1.9
Nov	1773	1.38
Dec	1773	-0.69
Jan	1774	-1.98
Feb	1774	1.03
Mar	1774	-1.15
Apr	1774	-0.25
May	1774	-0.25
Jun	1774	2.65
Jul	1774	2.15
Aug	1774	0.3
Sep	1774	0.34
Oct	1774	-1.43
Nov	1774	-4.19
Dec	1774	-1.76
Jan	1775	0.43
Feb	1775	1.87
Mar	1775	1.69
Apr	1775	-0.46
May	1775	0.37
Jun	1775	1.31
Jul	1775	2.08
Aug	1775	3.59
Sep	1775	3.15
Oct	1775	1.78
Nov	1775	-1.37
Dec	1775	0.79
Jan	1776	-2.89
Feb	1776	3.05
Mar	1776	0.07
Apr	1776	-0.46
May	1776	-1.14
Jun	1776	2.6
Jul	1776	2.26
Aug	1776	1.75
Sep	1776	0.84
Oct	1776	0.19
Nov	1776	0.38
Dec	1776	0.08
Jan	1777	-0.77
Feb	1777	-0.46
Mar	1777	-0.12
Apr	1777	-1.17
May	1777	2.52
Jun	1777	1.06
Jul	1777	-0.74
Aug	1777	1.4
Sep	1777	-0.7
Oct	1777	0.34
Nov	1777	0.52
Dec	1777	-1.08
Jan	1778	-0.86
Feb	1778	0.08
Mar	1778	-0.17
Apr	1778	0.28
May	1778	1.86
Jun	1778	0.69
Jul	1778	1.32
Aug	1778	0.68
Sep	1778	-0.77
Oct	1778	-1.27
Nov	1778	0.68
Dec	1778	1.03
Jan	1779	-0.72
Feb	1779	2.19
Mar	1779	1.25
Apr	1779	2.05
May	1779	1.7
Jun	1779	-1.84
Jul	1779	-1.62
Aug	1779	0.36
Sep	1779	1.53
Oct	1779	1.12
Nov	1779	0.1
Dec	1779	-1.2
Jan	1780	-2.41
Feb	1780	0.15
Mar	1780	2.96
Apr	1780	-1.05
May	1780	1.28
Jun	1780	1.4
Jul	1780	2.23
Aug	1780	-1.78
Sep	1780	0.34
Oct	1780	-0.57
Nov	1780	-1.53
Dec	1780	-2.24
Jan	1781	-1.24
Feb	1781	0.71
Mar	1781	0.2
Apr	1781	0.07
May	1781	-1.41
Jun	1781	1.06
Jul	1781	2.3
Aug	1781	3.63
Sep	1781	0.58
Oct	1781	-1.37
Nov	1781	0.74
Dec	1781	-0.76
Jan	1782	1.56
Feb	1782	-0.8
Mar	1782	-0.25
Apr	1782	-1.64
May	1782	0.28
Jun	1782	1.51
Jul	1782	0.11
Aug	1782	-0.46
Sep	1782	0.46
Oct	1782	-1.34
Nov	1782	-1.82
Dec	1782	-1.24
Jan	1783	-0.38
Feb	1783	0.7
Mar	1783	-0.93
Apr	1783	0.91
May	1783	0.07
Jun	1783	1.93
Jul	1783	2.15
Aug	1783	1.35
Sep	1783	2.18
Oct	1783	0.75
Nov	1783	-1.14
Dec	1783	-0.86
Jan	1784	-0.88
Feb	1784	0.25
Mar	1784	-2.7
Apr	1784	-1.12
May	1784	0.81
Jun	1784	1.07
Jul	1784	1.72
Aug	1784	0.14
Sep	1784	-1.27
Oct	1784	-1.84
Nov	1784	0.96
Dec	1784	-2.52
Jan	1785	0.26
Feb	1785	-1.5
Mar	1785	-2.52
Apr	1785	-0.22
May	1785	-0.59
Jun	1785	-1.39
Jul	1785	1.26
Aug	1785	0.34
Sep	1785	-0.24
Oct	1785	-0.29
Nov	1785	0.54
Dec	1785	-2.35
Jan	1786	0.3
Feb	1786	-0.43
Mar	1786	-2.64
Apr	1786	-1.53
May	1786	-0.19
Jun	1786	-1.22
Jul	1786	0.55
Aug	1786	0.81
Sep	1786	1.61
Oct	1786	-1.02
Nov	1786	-3.6
Dec	1786	0.04
Jan	1787	-1.59
Feb	1787	1.33
Mar	1787	1.67
Apr	1787	-0.2
May	1787	1.32
Jun	1787	1.13
Jul	1787	1.43
Aug	1787	1.2
Sep	1787	-0.6
Oct	1787	1.26
Nov	1787	-1.09
Dec	1787	-1.54
Jan	1788	-1.18
Feb	1788	-0.96
Mar	1788	-3.05
Apr	1788	0.89
May	1788	-0.03
Jun	1788	-0.92
Jul	1788	2.26
Aug	1788	0.45
Sep	1788	1.07
Oct	1788	-2.18
Nov	1788	-0.27
Dec	1788	-3.83
Jan	1789	-0.68
Feb	1789	1.84
Mar	1789	-4.17
Apr	1789	-1.06
May	1789	0.24
Jun	1789	1.67
Jul	1789	2.56
Aug	1789	0.54
Sep	1789	1.39
Oct	1789	2.1
Nov	1789	0.03
Dec	1789	2.59
Jan	1790	0.1
Feb	1790	1.37
Mar	1790	0.48
Apr	1790	-2.57
May	1790	-0.2
Jun	1790	2.22
Jul	1790	1.72
Aug	1790	1.95
Sep	1790	0.01
Oct	1790	-0.35
Nov	1790	0.09
Dec	1790	0.63
Jan	1791	2.82
Feb	1791	0.79
Mar	1791	1.5
Apr	1791	0.88
May	1791	-0.19
Jun	1791	1.24
Jul	1791	2.17
Aug	1791	1.47
Sep	1791	-1.63
Oct	1791	0.32
Nov	1791	1.1
Dec	1791	-0.4
Jan	1792	-1.15
Feb	1792	-0.26
Mar	1792	-0.05
Apr	1792	2.11
May	1792	0.58
Jun	1792	0.5
Jul	1792	1.96
Aug	1792	-0.17
Sep	1792	1.71
Oct	1792	-0.64
Nov	1792	0.56
Dec	1792	0.89
Jan	1793	-0.29
Feb	1793	1.21
Mar	1793	-0.17
Apr	1793	-1.32
May	1793	-0.7
Jun	1793	2.03
Jul	1793	1.4
Aug	1793	2.74
Sep	1793	-0.49
Oct	1793	1.23
Nov	1793	-0.77
Dec	1793	-1.16
Jan	1794	-0.34
Feb	1794	0.8
Mar	1794	1.72
Apr	1794	1.43
May	1794	1.01
Jun	1794	0.83
Jul	1794	1.84
Aug	1794	1.15
Sep	1794	0.47
Oct	1794	2.07
Nov	1794	-0.32
Dec	1794	-0.19
Jan	1795	-1.95
Feb	1795	-0.37
Mar	1795	-1.7
Apr	1795	-0.02
May	1795	-1.23
Jun	1795	-0.43
Jul	1795	-0.13
Aug	1795	0.28
Sep	1795	-0.24
Oct	1795	1.24
Nov	1795	0.17
Dec	1795	-0.33
Jan	1796	3.11
Feb	1796	-0.28
Mar	1796	-1.44
Apr	1796	-0.24
May	1796	0.57
Jun	1796	3.58
Jul	1796	2.73
Aug	1796	0.86
Sep	1796	-0.34
Oct	1796	0.78
Nov	1796	-0.44
Dec	1796	-1.92
Jan	1797	-0.21
Feb	1797	0.88
Mar	1797	0.01
Apr	1797	-0.94
May	1797	0.71
Jun	1797	1.02
Jul	1797	2.16
Aug	1797	2.78
Sep	1797	2.55
Oct	1797	0.57
Nov	1797	-0.17
Dec	1797	1.57
Jan	1798	-0.24
Feb	1798	0.21
Mar	1798	-0.45
Apr	1798	1.23
May	1798	1.52
Jun	1798	1.88
Jul	1798	3.62
Aug	1798	2.58
Sep	1798	1.1
Oct	1798	1.64
Nov	1798	1.4
Dec	1798	-1.14
Jan	1799	1.28
Feb	1799	-0.3
Mar	1799	-2.63
Apr	1799	-0.98
May	1799	-0.84
Jun	1799	0.58
Jul	1799	1.4
Aug	1799	2.63
Sep	1799	0.46
Oct	1799	-0.15
Nov	1799	1.67
Dec	1799	-2.79
Jan	1800	0.07
Feb	1800	-1.08
Mar	1800	-2.2
Apr	1800	1.2
May	1800	-0.29
Jun	1800	-0.58
Jul	1800	-0.48
Aug	1800	-0.72
Sep	1800	-0.38
Oct	1800	1.14
Nov	1800	1.08
Dec	1800	0.07
Jan	1801	0.18
Feb	1801	0.11
Mar	1801	2.05
Apr	1801	-0.46
May	1801	1.46
Jun	1801	0.71
Jul	1801	0.78
Aug	1801	-1.91
Sep	1801	-1.01
Oct	1801	0.47
Nov	1801	1.28
Dec	1801	-0.78
Jan	1802	-1.22
Feb	1802	1.02
Mar	1802	1.34
Apr	1802	1.16
May	1802	-1.88
Jun	1802	1.14
Jul	1802	2.19
Aug	1802	2.38
Sep	1802	-1.06
Oct	1802	1.33
Nov	1802	-1.19
Dec	1802	-0.59
Jan	1803	-2.42
Feb	1803	0.43
Mar	1803	-0.58
Apr	1803	1.7
May	1803	1.02
Jun	1803	0.41
Jul	1803	0.04
Aug	1803	2.23
Sep	1803	-0.83
Oct	1803	-1.44
Nov	1803	-0.46
Dec	1803	-1.13
Jan	1804	0.51
Feb	1804	-0.65
Mar	1804	-1.64
Apr	1804	-1.35
May	1804	1.75
Jun	1804	1.53
Jul	1804	0.45
Aug	1804	1.68
Sep	1804	0.55
Oct	1804	1.79
Nov	1804	-1.38
Dec	1804	-2.92
Jan	1805	-0.87
Feb	1805	0.29
Mar	1805	-0.2
Apr	1805	-0.78
May	1805	-1.8
Jun	1805	-0.8
Jul	1805	0.31
Aug	1805	0.2
Sep	1805	0.12
Oct	1805	-2.51
Nov	1805	-0.96
Dec	1805	0.14
Jan	1806	1.48
Feb	1806	-0.09
Mar	1806	-1.06
Apr	1806	-3.11
May	1806	-1.66
Jun	1806	-0.48
Jul	1806	-0.52
Aug	1806	2.5
Sep	1806	0.76
Oct	1806	-0.45
Nov	1806	0.17
Dec	1806	2.32
Jan	1807	-0.27
Feb	1807	0.29
Mar	1807	-1.76
Apr	1807	-1.61
May	1807	-0.44
Jun	1807	-0.17
Jul	1807	1.58
Aug	1807	4.34
Sep	1807	0.14
Oct	1807	-1.25
Nov	1807	0.52
Dec	1807	-0.35
Jan	1808	-0.11
Feb	1808	-1.2
Mar	1808	-2.42
Apr	1808	-1.56
May	1808	0.91
Jun	1808	0.86
Jul	1808	-0.03
Aug	1808	1.99
Sep	1808	0.4
Oct	1808	1.97
Nov	1808	-0.05
Dec	1808	-1.39
Jan	1809	-1.57
Feb	1809	0.63
Mar	1809	-1.43
Apr	1809	-2.06
May	1809	0.56
Jun	1809	1.44
Jul	1809	-0.84
Aug	1809	4.06
Sep	1809	1.11
Oct	1809	-1.54
Nov	1809	-1.95
Dec	1809	1.74
Jan	1810	-0.83
Feb	1810	0.58
Mar	1810	-1.34
Apr	1810	-1.99
May	1810	-3.52
Jun	1810	-0.87
Jul	1810	2.15
Aug	1810	2.17
Sep	1810	-0.11
Oct	1810	-1.08
Nov	1810	-0.87
Dec	1810	0.28
Jan	1811	-0.24
Feb	1811	0.91
Mar	1811	1.02
Apr	1811	-0.88
May	1811	2.25
Jun	1811	2.1
Jul	1811	1.58
Aug	1811	1.93
Sep	1811	-0.93
Oct	1811	-0.24
Nov	1811	-0.6
Dec	1811	0.69
Jan	1812	-0.35
Feb	1812	1.78
Mar	1812	-1.94
Apr	1812	-2.98
May	1812	-2.05
Jun	1812	1.21
Jul	1812	-0.46
Aug	1812	-0.01
Sep	1812	-0.97
Oct	1812	1.95
Nov	1812	-1.46
Dec	1812	-2.77
Jan	1813	-0.58
Feb	1813	2.62
Mar	1813	0.33
Apr	1813	-0.64
May	1813	-0.24
Jun	1813	-1.5
Jul	1813	0.83
Aug	1813	0.47
Sep	1813	0.36
Oct	1813	-1.43
Nov	1813	1.09
Dec	1813	-0.61
Jan	1814	-3.55
Feb	1814	-0.61
Mar	1814	-3.05
Apr	1814	0.89
May	1814	-3.74
Jun	1814	-2.26
Jul	1814	1.75
Aug	1814	1.09
Sep	1814	-0.9
Oct	1814	-0.02
Nov	1814	1.42
Dec	1814	0.11
Jan	1815	-2.03
Feb	1815	0.72
Mar	1815	1.45
Apr	1815	-1.25
May	1815	-0.58
Jun	1815	-0.81
Jul	1815	-0.77
Aug	1815	2.53
Sep	1815	0.64
Oct	1815	0.34
Nov	1815	-0.35
Dec	1815	0.37
Jan	1816	-0.32
Feb	1816	0.18
Mar	1816	-1.26
Apr	1816	-2.26
May	1816	-2.84
Jun	1816	0.04
Jul	1816	0.66
Aug	1816	0.49
Sep	1816	0.73
Oct	1816	0.02
Nov	1816	-0.4
Dec	1816	0.97
Jan	1817	0.98
Feb	1817	2.17
Mar	1817	-0.68
Apr	1817	-1.05
May	1817	-1.49
Jun	1817	0.43
Jul	1817	1.86
Aug	1817	1.74
Sep	1817	-0.24
Oct	1817	-2.11
Nov	1817	0.77
Dec	1817	-1.26
Jan	1818	2
Feb	1818	1.03
Mar	1818	1.61
Apr	1818	-2.15
May	1818	-2.12
Jun	1818	1.28
Jul	1818	1.71
Aug	1818	-0.77
Sep	1818	-0.47
Oct	1818	-0.1
Nov	1818	0.25
Dec	1818	-0.42
Jan	1819	2
Feb	1819	0.97
Mar	1819	0.36
Apr	1819	-0.82
May	1819	-0.64
Jun	1819	2.93
Jul	1819	0.49
Aug	1819	1.91
Sep	1819	0.98
Oct	1819	-0.77
Nov	1819	-1.18
Dec	1819	-2.13
Jan	1820	-1.95
Feb	1820	-0.51
Mar	1820	-1.04
Apr	1820	-0.15
May	1820	0.86
Jun	1820	1.27
Jul	1820	-0.82
Aug	1820	2.88
Sep	1820	-0.59
Oct	1820	0.68
Nov	1820	-1.4
Dec	1820	-1.44
Jan	1821	-1.89
Feb	1821	-0.83
Mar	1821	0.77
Apr	1821	0.66
May	1821	-0.43
Jun	1821	-6.64
Jul	1821	-1.13
Aug	1821	-1.3
Sep	1821	0.8
Oct	1821	0.52
Nov	1821	-0.25
Dec	1821	1.27
Jan	1822	0.42
Feb	1822	1.69
Mar	1822	2.83
Apr	1822	-2.29
May	1822	0.15
Jun	1822	-2.62
Jul	1822	-2.34
Aug	1822	0.18
Sep	1822	-0.85
Oct	1822	-0.58
Nov	1822	0.74
Dec	1822	-0.53
Jan	1823	-2
Feb	1823	0.83
Mar	1823	1.22
Apr	1823	-2.34
May	1823	0.92
Jun	1823	-0.09
Jul	1823	0.69
Aug	1823	1.76
Sep	1823	1.29
Oct	1823	-0.39
Nov	1823	-1.11
Dec	1823	0.98
Jan	1824	0.7
Feb	1824	-0.38
Mar	1824	-1.11
Apr	1824	0.27
May	1824	-0.69
Jun	1824	-4.14
Jul	1824	-2.43
Aug	1824	-1.83
Sep	1824	1.44
Oct	1824	-1.41
Nov	1824	0.75
Dec	1824	0.58
Jan	1825	-0.24
Feb	1825	0
Mar	1825	0.17
Apr	1825	-1.39
May	1825	-1.33
Jun	1825	0.63
Jul	1825	-2.8
Aug	1825	0.28
Sep	1825	-1.49
Oct	1825	1.51
Nov	1825	1.74
Dec	1825	-0.76
Jan	1826	-1.9
Feb	1826	2.83
Mar	1826	-0.66
Apr	1826	1.02
May	1826	-1.52
Jun	1826	-1.21
Jul	1826	2.41
Aug	1826	2.95
Sep	1826	-1.24
Oct	1826	1.13
Nov	1826	-1.5
Dec	1826	1.07
Jan	1827	-0.76
Feb	1827	-2.49
Mar	1827	0.81
Apr	1827	0.77
May	1827	3
Jun	1827	2.66
Jul	1827	0.24
Aug	1827	-2.7
Sep	1827	1.26
Oct	1827	-1.73
Nov	1827	-1.88
Dec	1827	1.63
Jan	1828	-0.38
Feb	1828	0.52
Mar	1828	-0.09
Apr	1828	0.2
May	1828	-0.61
Jun	1828	0.86
Jul	1828	0.38
Aug	1828	-0.05
Sep	1828	-1.95
Oct	1828	0.37
Nov	1828	-1.22
Dec	1828	1.4
Jan	1829	-2.24
Feb	1829	-0.22
Mar	1829	-2.25
Apr	1829	-1.66
May	1829	0.47
Jun	1829	-1.64
Jul	1829	1.1
Aug	1829	-1.47
Sep	1829	0.76
Oct	1829	-0.18
Nov	1829	-1.54
Dec	1829	-1.82
Jan	1830	-1.25
Feb	1830	0.11
Mar	1830	2.25
Apr	1830	1.49
May	1830	-0.75
Jun	1830	0.64
Jul	1830	1.36
Aug	1830	0.81
Sep	1830	2.12
Oct	1830	-0.11
Nov	1830	1.62
Dec	1830	-1.22
Jan	1831	-2.08
Feb	1831	0.6
Mar	1831	0.29
Apr	1831	-1.16
May	1831	-1.17
Jun	1831	0.12
Jul	1831	1.13
Aug	1831	-0.56
Sep	1831	-0.53
Oct	1831	1.68
Nov	1831	-0.77
Dec	1831	1
Jan	1832	-0.6
Feb	1832	0.12
Mar	1832	2.32
Apr	1832	-1.99
May	1832	-2.37
Jun	1832	-0.78
Jul	1832	-3.44
Aug	1832	-1.29
Sep	1832	-0.03
Oct	1832	0.65
Nov	1832	0.19
Dec	1832	1.88
Jan	1833	-2
Feb	1833	0.64
Mar	1833	-2.49
Apr	1833	0.43
May	1833	1.11
Jun	1833	0.86
Jul	1833	-1.74
Aug	1833	-2.75
Sep	1833	0.09
Oct	1833	0.97
Nov	1833	1.72
Dec	1833	2.18
Jan	1834	0.66
Feb	1834	1.21
Mar	1834	0.78
Apr	1834	-2.54
May	1834	-0.68
Jun	1834	1.33
Jul	1834	-1.01
Aug	1834	1.28
Sep	1834	-1.36
Oct	1834	0.08
Nov	1834	-1.17
Dec	1834	-1.79
Jan	1835	-0.88
Feb	1835	1.97
Mar	1835	0.28
Apr	1835	-0.66
May	1835	-0.67
Jun	1835	0.65
Jul	1835	0.27
Aug	1835	0.61
Sep	1835	2.4
Oct	1835	0.17
Nov	1835	-0.92
Dec	1835	-2.08
Jan	1836	1.47
Feb	1836	0.3
Mar	1836	3.18
Apr	1836	1.43
May	1836	-2.58
Jun	1836	2.09
Jul	1836	1.88
Aug	1836	1.2
Sep	1836	-1.48
Oct	1836	0.41
Nov	1836	1.88
Dec	1836	-0.83
Jan	1837	-1.85
Feb	1837	2.73
Mar	1837	-2.23
Apr	1837	-1.41
May	1837	-1.29
Jun	1837	-1.21
Jul	1837	-1.64
Aug	1837	-1.54
Sep	1837	0.17
Oct	1837	1.46
Nov	1837	1.17
Dec	1837	0.54
Jan	1838	-1.37
Feb	1838	-1.1
Mar	1838	0.85
Apr	1838	-0.59
May	1838	-2.33
Jun	1838	0.64
Jul	1838	-0.11
Aug	1838	0.09
Sep	1838	1.04
Oct	1838	-0.03
Nov	1838	-0.79
Dec	1838	0.42
Jan	1839	0.82
Feb	1839	2.02
Mar	1839	-0.5
Apr	1839	-1.48
May	1839	-0.3
Jun	1839	-1.26
Jul	1839	1.39
Aug	1839	1
Sep	1839	2.87
Oct	1839	-0.54
Nov	1839	-0.83
Dec	1839	-0.94
Jan	1840	2.52
Feb	1840	-0.32
Mar	1840	-2.99
Apr	1840	0.25
May	1840	-1.82
Jun	1840	1.48
Jul	1840	2.61
Aug	1840	1.11
Sep	1840	2.03
Oct	1840	-1.98
Nov	1840	0.56
Dec	1840	-1.64
Jan	1841	-0.69
Feb	1841	-0.42
Mar	1841	2.01
Apr	1841	0.88
May	1841	1.95
Jun	1841	-0.48
Jul	1841	-0.29
Aug	1841	2.38
Sep	1841	-0.39
Oct	1841	-0.31
Nov	1841	0.07
Dec	1841	1.31
Jan	1842	-0.19
Feb	1842	2.91
Mar	1842	1.88
Apr	1842	-2.1
May	1842	1.89
Jun	1842	0.13
Jul	1842	-0.74
Aug	1842	3.37
Sep	1842	-1.73
Oct	1842	-1.23
Nov	1842	-1.43
Dec	1842	1.25
Jan	1843	2.97
Feb	1843	-3.1
Mar	1843	-1.13
Apr	1843	0.35
May	1843	-2.39
Jun	1843	-0.65
Jul	1843	0.63
Aug	1843	2.49
Sep	1843	-1.46
Oct	1843	-0.47
Nov	1843	1.33
Dec	1843	0.2
Jan	1844	0.65
Feb	1844	-0.46
Mar	1844	0.7
Apr	1844	1.49
May	1844	-2.58
Jun	1844	0.03
Jul	1844	-1.44
Aug	1844	1
Sep	1844	-0.94
Oct	1844	0.57
Nov	1844	-1.09
Dec	1844	-3.6
Jan	1845	1.29
Feb	1845	-0.47
Mar	1845	-2.08
Apr	1845	-0.18
May	1845	-0.64
Jun	1845	2.35
Jul	1845	-0.05
Aug	1845	-0.08
Sep	1845	1.61
Oct	1845	-0.02
Nov	1845	1.95
Dec	1845	1.12
Jan	1846	0.93
Feb	1846	0.58
Mar	1846	1.78
Apr	1846	-1.14
May	1846	0.8
Jun	1846	0.76
Jul	1846	3.1
Aug	1846	1.05
Sep	1846	-0.44
Oct	1846	2.18
Nov	1846	0.48
Dec	1846	-1.78
Jan	1847	-0.09
Feb	1847	-0.12
Mar	1847	-0.5
Apr	1847	-0.19
May	1847	1.18
Jun	1847	1.19
Jul	1847	-0.22
Aug	1847	0.56
Sep	1847	1.26
Oct	1847	0.02
Nov	1847	2.91
Dec	1847	0.89
Jan	1848	-0.5
Feb	1848	2.65
Mar	1848	1.77
Apr	1848	-0.69
May	1848	1.15
Jun	1848	0.68
Jul	1848	0.92
Aug	1848	2.11
Sep	1848	-0.36
Oct	1848	-2.08
Nov	1848	-0.82
Dec	1848	0.29
Jan	1849	0.55
Feb	1849	1.07
Mar	1849	-0.24
Apr	1849	-0.26
May	1849	-0.05
Jun	1849	-0.69
Jul	1849	0.68
Aug	1849	0.27
Sep	1849	-1.44
Oct	1849	-0.53
Nov	1849	1.21
Dec	1849	-1.64
Jan	1850	-1.62
Feb	1850	2.65
Mar	1850	-2.38
Apr	1850	1.35
May	1850	0.67
Jun	1850	2.22
Jul	1850	-1.02
Aug	1850	2.17
Sep	1850	-1.68
Oct	1850	-1.28
Nov	1850	1.31
Dec	1850	0.25
Jan	1851	2.32
Feb	1851	0
Mar	1851	1.06
Apr	1851	-0.35
May	1851	0.11
Jun	1851	0.72
Jul	1851	0.2
Aug	1851	-0.71
Sep	1851	-0.57
Oct	1851	1.16
Nov	1851	-1.49
Dec	1851	-0.72
Jan	1852	2.08
Feb	1852	0.66
Mar	1852	-2.6
Apr	1852	-2.56
May	1852	0.89
Jun	1852	2.14
Jul	1852	-0.98
Aug	1852	0.49
Sep	1852	-0.78
Oct	1852	-2.15
Nov	1852	-2.17
Dec	1852	2.51
Jan	1853	2.69
Feb	1853	-1.47
Mar	1853	-1.54
Apr	1853	0.88
May	1853	-1.32
Jun	1853	0.91
Jul	1853	2.32
Aug	1853	-1.4
Sep	1853	1.39
Oct	1853	1.07
Nov	1853	1.36
Dec	1853	-2
Jan	1854	1.25
Feb	1854	1.01
Mar	1854	0.72
Apr	1854	-0.73
May	1854	0.9
Jun	1854	-0.58
Jul	1854	-1.16
Aug	1854	1.75
Sep	1854	-0.8
Oct	1854	0.78
Nov	1854	-0.83
Dec	1854	2.38
Jan	1855	-1.31
Feb	1855	-2.5
Mar	1855	0.2
Apr	1855	0.44
May	1855	-1.02
Jun	1855	1.32
Jul	1855	1.04
Aug	1855	1.13
Sep	1855	-1.42
Oct	1855	0.56
Nov	1855	-1.65
Dec	1855	-0.32
Jan	1856	-1.03
Feb	1856	-0.59
Mar	1856	-2.85
Apr	1856	-0.09
May	1856	-1.43
Jun	1856	1.9
Jul	1856	0.45
Aug	1856	-3.12
Sep	1856	0.55
Oct	1856	-0.3
Nov	1856	-1.41
Dec	1856	0.85
Jan	1857	-0.46
Feb	1857	1.08
Mar	1857	1.08
Apr	1857	0.32
May	1857	-1.43
Jun	1857	-2.04
Jul	1857	2.38
Aug	1857	-1.33
Sep	1857	-0.15
Oct	1857	0.17
Nov	1857	-2.85
Dec	1857	1.45
Jan	1858	1
Feb	1858	-0.7
Mar	1858	-0.16
Apr	1858	-1.77
May	1858	1.73
Jun	1858	0.02
Jul	1858	0.59
Aug	1858	0.35
Sep	1858	2.59
Oct	1858	-0.47
Nov	1858	-2.87
Dec	1858	1.46
Jan	1859	1.8
Feb	1859	1.5
Mar	1859	1.17
Apr	1859	-1.95
May	1859	0.49
Jun	1859	0.24
Jul	1859	-0.96
Aug	1859	2.04
Sep	1859	1.15
Oct	1859	-1.14
Nov	1859	-0.01
Dec	1859	-0.85
Jan	1860	1.47
Feb	1860	0.13
Mar	1860	2.19
Apr	1860	0.44
May	1860	-1.06
Jun	1860	0.87
Jul	1860	-1.41
Aug	1860	1.15
Sep	1860	-0.25
Oct	1860	1.14
Nov	1860	-2.2
Dec	1860	-1.86
Jan	1861	-2.04
Feb	1861	1
Mar	1861	3.14
Apr	1861	-3.06
May	1861	-2.66
Jun	1861	-0.99
Jul	1861	3.53
Aug	1861	2.51
Sep	1861	0.44
Oct	1861	-0.03
Nov	1861	-0.32
Dec	1861	-1.35
Jan	1862	0.01
Feb	1862	-1.29
Mar	1862	-2.01
Apr	1862	-0.26
May	1862	0.6
Jun	1862	2.9
Jul	1862	1.45
Aug	1862	-0.36
Sep	1862	-1.19
Oct	1862	2.22
Nov	1862	1.41
Dec	1862	1.63
Jan	1863	1.95
Feb	1863	1.47
Mar	1863	2.61
Apr	1863	1.27
May	1863	-1.2
Jun	1863	1.44
Jul	1863	-1.32
Aug	1863	0.25
Sep	1863	2.92
Oct	1863	1.34
Nov	1863	0.95
Dec	1863	0.98
Jan	1864	1.09
Feb	1864	0.22
Mar	1864	-1.26
Apr	1864	-0.98
May	1864	-2.24
Jun	1864	2.2
Jul	1864	0.03
Aug	1864	-3.98
Sep	1864	0.92
Oct	1864	-3.78
Nov	1864	0.34
Dec	1864	-0.11
Jan	1865	0.12
Feb	1865	-0.45
Mar	1865	0.48
Apr	1865	-1.19
May	1865	0.26
Jun	1865	-1.15
Jul	1865	1.21
Aug	1865	0.98
Sep	1865	0.36
Oct	1865	-1.63
Nov	1865	-0.73
Dec	1865	0.66
Jan	1866	1.66
Feb	1866	0.67
Mar	1866	-0.58
Apr	1866	-1.42
May	1866	-2.25
Jun	1866	0.95
Jul	1866	-0.84
Aug	1866	-0.4
Sep	1866	2.79
Oct	1866	-0.35
Nov	1866	-1.03
Dec	1866	-0.22
Jan	1867	-3.33
Feb	1867	1.58
Mar	1867	-2.88
Apr	1867	2.52
May	1867	-3.52
Jun	1867	-0.86
Jul	1867	-1.18
Aug	1867	2.39
Sep	1867	1.03
Oct	1867	1.65
Nov	1867	-4.06
Dec	1867	-1.34
Jan	1868	1.06
Feb	1868	2.33
Mar	1868	3.55
Apr	1868	1.25
May	1868	2.02
Jun	1868	2.42
Jul	1868	-0.17
Aug	1868	2.3
Sep	1868	-2.95
Oct	1868	2.32
Nov	1868	-1.02
Dec	1868	0.88
Jan	1869	1
Feb	1869	2.38
Mar	1869	-0.05
Apr	1869	0.72
May	1869	-2.68
Jun	1869	-1.43
Jul	1869	0.09
Aug	1869	-1.47
Sep	1869	1.11
Oct	1869	-1.05
Nov	1869	1.01
Dec	1869	-0.23
Jan	1870	0.01
Feb	1870	-2.08
Mar	1870	-2.29
Apr	1870	0.5
May	1870	1.41
Jun	1870	0.29
Jul	1870	0.3
Aug	1870	-4.78
Sep	1870	0.34
Oct	1870	0.89
Nov	1870	-0.9
Dec	1870	-2.76
Jan	1871	1.23
Feb	1871	0.12
Mar	1871	1.02
Apr	1871	-1.54
May	1871	-2.96
Jun	1871	-2.32
Jul	1871	1.13
Aug	1871	0.05
Sep	1871	-2.33
Oct	1871	0.33
Nov	1871	-2.29
Dec	1871	0.3
Jan	1872	2.24
Feb	1872	0.09
Mar	1872	-0.35
Apr	1872	-0.27
May	1872	-0.04
Jun	1872	0.49
Jul	1872	-1.22
Aug	1872	-2.96
Sep	1872	-0.46
Oct	1872	2.29
Nov	1872	0.5
Dec	1872	0.11
Jan	1873	1.45
Feb	1873	0.04
Mar	1873	0.61
Apr	1873	-1.75
May	1873	-0.81
Jun	1873	1.2
Jul	1873	0.44
Aug	1873	3.6
Sep	1873	2.42
Oct	1873	1.24
Nov	1873	-1.17
Dec	1873	-0.01
Jan	1874	1.62
Feb	1874	1.38
Mar	1874	1.15
Apr	1874	2.51
May	1874	-2.63
Jun	1874	0.16
Jul	1874	0.89
Aug	1874	1
Sep	1874	1.83
Oct	1874	2.53
Nov	1874	-0.07
Dec	1874	-0.9
Jan	1875	0.05
Feb	1875	-1.04
Mar	1875	-1.28
Apr	1875	-1.53
May	1875	1.88
Jun	1875	3.47
Jul	1875	-1.16
Aug	1875	-1.82
Sep	1875	-0.9
Oct	1875	-0.02
Nov	1875	-3.18
Dec	1875	-1.16
Jan	1876	-0.09
Feb	1876	-0.02
Mar	1876	2.09
Apr	1876	0.76
May	1876	-0.76
Jun	1876	3
Jul	1876	1.26
Aug	1876	0.26
Sep	1876	-1.65
Oct	1876	-1.96
Nov	1876	-3.68
Dec	1876	-1.12
Jan	1877	0.78
Feb	1877	0.87
Mar	1877	-0.07
Apr	1877	-2.57
May	1877	-2.62
Jun	1877	0.28
Jul	1877	1.47
Aug	1877	-5.87
Sep	1877	-3.7
Oct	1877	0.78
Nov	1877	3.39
Dec	1877	1.41
Jan	1878	0.81
Feb	1878	0.44
Mar	1878	0.26
Apr	1878	-1.44
May	1878	0.01
Jun	1878	-1.06
Jul	1878	-0.18
Aug	1878	-3.74
Sep	1878	1.2
Oct	1878	0.08
Nov	1878	-2.83
Dec	1878	-3.21
Jan	1879	-1.63
Feb	1879	0.68
Mar	1879	0.63
Apr	1879	-0.04
May	1879	0.23
Jun	1879	0.15
Jul	1879	-0.24
Aug	1879	0.11
Sep	1879	3.47
Oct	1879	-1.16
Nov	1879	-5.05
Dec	1879	-1.15
Jan	1880	-1.4
Feb	1880	1.29
Mar	1880	-0.73
Apr	1880	1.28
May	1880	-1.26
Jun	1880	-0.32
Jul	1880	-2.27
Aug	1880	-1.68
Sep	1880	-0.31
Oct	1880	-5.12
Nov	1880	0.65
Dec	1880	-0.8
Jan	1881	-4.27
Feb	1881	-1.19
Mar	1881	-2.16
Apr	1881	-2.56
May	1881	0.47
Jun	1881	1.27
Jul	1881	1.42
Aug	1881	-0.37
Sep	1881	-2.01
Oct	1881	-1.52
Nov	1881	1.75
Dec	1881	1.87
Jan	1882	1.03
Feb	1882	1.33
Mar	1882	3.16
Apr	1882	-0.25
May	1882	-1.96
Jun	1882	0.63
Jul	1882	1.88
Aug	1882	1.41
Sep	1882	1.8
Oct	1882	0.38
Nov	1882	1.8
Dec	1882	-0.75
Jan	1883	1.27
Feb	1883	2.08
Mar	1883	-3.13
Apr	1883	-0.49
May	1883	-0.28
Jun	1883	-1.67
Jul	1883	-1.25
Aug	1883	1.87
Sep	1883	-0.09
Oct	1883	1.24
Nov	1883	1.89
Dec	1883	-0.18
Jan	1884	1.55
Feb	1884	-0.15
Mar	1884	0.13
Apr	1884	-2.37
May	1884	1.04
Jun	1884	-0.05
Jul	1884	-2.58
Aug	1884	-0.01
Sep	1884	1.98
Oct	1884	0.63
Nov	1884	-1.95
Dec	1884	0.9
Jan	1885	-0.56
Feb	1885	-0.03
Mar	1885	0.28
Apr	1885	2.01
May	1885	0.12
Jun	1885	0.82
Jul	1885	-0.29
Aug	1885	-5.9
Sep	1885	1.63
Oct	1885	-0.01
Nov	1885	-0.8
Dec	1885	-1.17
Jan	1886	0.93
Feb	1886	-0.36
Mar	1886	-0.57
Apr	1886	-0.9
May	1886	-1.78
Jun	1886	0.97
Jul	1886	1.34
Aug	1886	3.26
Sep	1886	-0.04
Oct	1886	0.55
Nov	1886	1.36
Dec	1886	-0.35
Jan	1887	1.16
Feb	1887	0.85
Mar	1887	-2.89
Apr	1887	-2.15
May	1887	-0.55
Jun	1887	-2.12
Jul	1887	1.01
Aug	1887	-1.98
Sep	1887	0.24
Oct	1887	-2.02
Nov	1887	-0.09
Dec	1887	-1.73
Jan	1888	-0.44
Feb	1888	-1.64
Mar	1888	-1.02
Apr	1888	-1.39
May	1888	0.34
Jun	1888	-2.44
Jul	1888	-0.69
Aug	1888	-0.05
Sep	1888	-2.72
Oct	1888	-1.72
Nov	1888	1.52
Dec	1888	0.73
Jan	1889	1.06
Feb	1889	0.92
Mar	1889	-0.25
Apr	1889	1.2
May	1889	0.34
Jun	1889	1.21
Jul	1889	-1.99
Aug	1889	2.35
Sep	1889	-1.36
Oct	1889	1.23
Nov	1889	0.68
Dec	1889	1.45
Jan	1890	2.44
Feb	1890	-1.23
Mar	1890	1.85
Apr	1890	1.24
May	1890	-0.67
Jun	1890	2.16
Jul	1890	2.01
Aug	1890	2.26
Sep	1890	1.12
Oct	1890	-0.17
Nov	1890	1.96
Dec	1890	-2.21
Jan	1891	0.31
Feb	1891	0.28
Mar	1891	-0.74
Apr	1891	-1.61
May	1891	0.76
Jun	1891	-4.08
Jul	1891	-1.04
Aug	1891	1.36
Sep	1891	2.26
Oct	1891	1.41
Nov	1891	-0.51
Dec	1891	1.44
Jan	1892	-0.31
Feb	1892	-1.27
Mar	1892	-1.27
Apr	1892	-0.54
May	1892	-0.56
Jun	1892	-0.55
Jul	1892	-0.18
Aug	1892	1.03
Sep	1892	2.21
Oct	1892	-1.22
Nov	1892	1.32
Dec	1892	-1.3
Jan	1893	-1.59
Feb	1893	1.03
Mar	1893	-1.01
Apr	1893	-1.7
May	1893	-0.76
Jun	1893	-2.61
Jul	1893	-0.37
Aug	1893	-2.77
Sep	1893	1.06
Oct	1893	0.61
Nov	1893	-2.11
Dec	1893	1.65
Jan	1894	1.38
Feb	1894	1.98
Mar	1894	1.28
Apr	1894	2.36
May	1894	-0.68
Jun	1894	1.03
Jul	1894	0.5
Aug	1894	0.04
Sep	1894	-3.81
Oct	1894	-3.37
Nov	1894	1.49
Dec	1894	0.92
Jan	1895	-2.05
Feb	1895	-4.48
Mar	1895	0.82
Apr	1895	-0.17
May	1895	0.33
Jun	1895	-0.76
Jul	1895	-0.01
Aug	1895	-0.11
Sep	1895	-1
Oct	1895	-2.07
Nov	1895	-0.7
Dec	1895	-0.35
Jan	1896	-1.02
Feb	1896	0.39
Mar	1896	2.34
Apr	1896	1.25
May	1896	-0.34
Jun	1896	-0.8
Jul	1896	0.89
Aug	1896	-0.62
Sep	1896	0.67
Oct	1896	-1.05
Nov	1896	-1.25
Dec	1896	1.49
Jan	1897	-1.81
Feb	1897	1.41
Mar	1897	1.94
Apr	1897	1.53
May	1897	0.25
Jun	1897	-2.53
Jul	1897	-1.18
Aug	1897	2.36
Sep	1897	0.9
Oct	1897	-1.67
Nov	1897	-1.74
Dec	1897	0.56
Jan	1898	1
Feb	1898	0.81
Mar	1898	-0.6
Apr	1898	1.59
May	1898	0.32
Jun	1898	-1.04
Jul	1898	-1.92
Aug	1898	0.23
Sep	1898	-0.96
Oct	1898	-0.69
Nov	1898	0.32
Dec	1898	1.11
Jan	1899	-0.78
Feb	1899	-1.63
Mar	1899	-2.3
Apr	1899	0.91
May	1899	-1.65
Jun	1899	-0.14
Jul	1899	0.63
Aug	1899	-4.09
Sep	1899	1.26
Oct	1899	-1.39
Nov	1899	0.65
Dec	1899	-1.55
Jan	1900	0.79
Feb	1900	-2.55
Mar	1900	-2.1
Apr	1900	0.9
May	1900	0.72
Jun	1900	0.73
Jul	1900	-1.41
Aug	1900	-0.22
Sep	1900	0.19
Oct	1900	0.02
Nov	1900	1.76
Dec	1900	1.21
Jan	1901	-0.17
Feb	1901	-3.08
Mar	1901	-0.74
Apr	1901	1.6
May	1901	-2.18
Jun	1901	0.75
Jul	1901	0
Aug	1901	-0.01
Sep	1901	1.02
Oct	1901	2.04
Nov	1901	-2.96
Dec	1901	0.17
Jan	1902	-0.29
Feb	1902	-2.46
Mar	1902	1.02
Apr	1902	-1.66
May	1902	0.3
Jun	1902	-3.5
Jul	1902	-2.87
Aug	1902	-2.23
Sep	1902	-2.78
Oct	1902	0.11
Nov	1902	-0.21
Dec	1902	0.03
Jan	1903	0.07
Feb	1903	1.2
Mar	1903	3.92
Apr	1903	-0.17
May	1903	0.7
Jun	1903	-4.33
Jul	1903	-0.3
Aug	1903	1.24
Sep	1903	-0.23
Oct	1903	-0.03
Nov	1903	0.5
Dec	1903	0.84
Jan	1904	1.68
Feb	1904	1.14
Mar	1904	0.54
Apr	1904	4.22
May	1904	0.56
Jun	1904	-0.86
Jul	1904	-1.52
Aug	1904	-1.82
Sep	1904	0.72
Oct	1904	-0.4
Nov	1904	-0.95
Dec	1904	-1.13
Jan	1905	0.08
Feb	1905	1.02
Mar	1905	2.11
Apr	1905	-1.47
May	1905	0.78
Jun	1905	-0.69
Jul	1905	-0.03
Aug	1905	0.38
Sep	1905	0.86
Oct	1905	-2.12
Nov	1905	1.05
Dec	1905	-0.54
Jan	1906	1.55
Feb	1906	1.72
Mar	1906	-0.94
Apr	1906	1.17
May	1906	-2.3
Jun	1906	-2.9
Jul	1906	1.99
Aug	1906	-2.16
Sep	1906	0.62
Oct	1906	1.27
Nov	1906	-0.57
Dec	1906	1.21
Jan	1907	0.34
Feb	1907	1.61
Mar	1907	2.57
Apr	1907	1.58
May	1907	-1.94
Jun	1907	1.33
Jul	1907	-2.81
Aug	1907	-0.1
Sep	1907	-0.43
Oct	1907	0.69
Nov	1907	1.28
Dec	1907	0.75
Jan	1908	0.58
Feb	1908	1.67
Mar	1908	2.22
Apr	1908	-1.22
May	1908	0.7
Jun	1908	0.15
Jul	1908	-1.22
Aug	1908	-1.65
Sep	1908	-0.18
Oct	1908	-1.83
Nov	1908	-0.04
Dec	1908	1.46
Jan	1909	0.97
Feb	1909	-0.49
Mar	1909	-1.55
Apr	1909	0.42
May	1909	-2.35
Jun	1909	-1.74
Jul	1909	3.74
Aug	1909	1.79
Sep	1909	-2.28
Oct	1909	2.5
Nov	1909	-2.19
Dec	1909	-2.12
Jan	1910	1.85
Feb	1910	3.24
Mar	1910	1.15
Apr	1910	-1.26
May	1910	1.97
Jun	1910	0.12
Jul	1910	-0.57
Aug	1910	-0.85
Sep	1910	-1.9
Oct	1910	-1.38
Nov	1910	-1.76
Dec	1910	-0.24
Jan	1911	0.36
Feb	1911	0.48
Mar	1911	-0.04
Apr	1911	-0.8
May	1911	2.28
Jun	1911	-0.36
Jul	1911	-2.07
Aug	1911	-0.62
Sep	1911	0.13
Oct	1911	-1.01
Nov	1911	0.58
Dec	1911	1.21
Jan	1912	-0.97
Feb	1912	-1.7
Mar	1912	2.66
Apr	1912	0.47
May	1912	0.21
Jun	1912	0.13
Jul	1912	-1.04
Aug	1912	-1.23
Sep	1912	-3.01
Oct	1912	1.21
Nov	1912	0.7
Dec	1912	2.21
Jan	1913	0.93
Feb	1913	-0.11
Mar	1913	3.19
Apr	1913	2.67
May	1913	1.93
Jun	1913	2.16
Jul	1913	-1.11
Aug	1913	0.64
Sep	1913	-0.91
Oct	1913	-1.29
Nov	1913	3.61
Dec	1913	0.02
Jan	1914	-0.68
Feb	1914	2.08
Mar	1914	2.09
Apr	1914	1.3
May	1914	2.41
Jun	1914	2.06
Jul	1914	0.23
Aug	1914	0.68
Sep	1914	-0.26
Oct	1914	-0.73
Nov	1914	0.24
Dec	1914	1.33
Jan	1915	1.1
Feb	1915	1.32
Mar	1915	-3
Apr	1915	2.43
May	1915	-2.97
Jun	1915	-2.99
Jul	1915	0.34
Aug	1915	-3.91
Sep	1915	-1.77
Oct	1915	0.92
Nov	1915	-3.25
Dec	1915	-1.87
Jan	1916	1.81
Feb	1916	2.11
Mar	1916	-2.4
Apr	1916	1.29
May	1916	-0.29
Jun	1916	-2.36
Jul	1916	-0.18
Aug	1916	-1.5
Sep	1916	-0.86
Oct	1916	2.33
Nov	1916	0.36
Dec	1916	-2.39
Jan	1917	-2.11
Feb	1917	-1.15
Mar	1917	-0.18
Apr	1917	-2.88
May	1917	-2.67
Jun	1917	1.19
Jul	1917	-2.07
Aug	1917	0.75
Sep	1917	1.79
Oct	1917	2.44
Nov	1917	1.44
Dec	1917	-1.73
Jan	1918	-3.67
Feb	1918	2.32
Mar	1918	0.49
Apr	1918	-0.94
May	1918	-0.07
Jun	1918	0.65
Jul	1918	-2.37
Aug	1918	0.86
Sep	1918	1.34
Oct	1918	1.92
Nov	1918	0
Dec	1918	0.99
Jan	1919	0.29
Feb	1919	-1.98
Mar	1919	0.03
Apr	1919	0.98
May	1919	-0.62
Jun	1919	2.63
Jul	1919	-0.34
Aug	1919	0.52
Sep	1919	1.33
Oct	1919	-3.33
Nov	1919	-1.76
Dec	1919	2.84
Jan	1920	2.33
Feb	1920	1.29
Mar	1920	3.42
Apr	1920	-1.25
May	1920	1.92
Jun	1920	-0.11
Jul	1920	3.43
Aug	1920	-2.23
Sep	1920	1.01
Oct	1920	-0.78
Nov	1920	1.34
Dec	1920	-1.63
Jan	1921	1.45
Feb	1921	-0.14
Mar	1921	3.31
Apr	1921	-1.1
May	1921	3.18
Jun	1921	-0.93
Jul	1921	-1.04
Aug	1921	1.44
Sep	1921	0.21
Oct	1921	-1.51
Nov	1921	-0.23
Dec	1921	2.48
Jan	1922	0.62
Feb	1922	2.51
Mar	1922	0.24
Apr	1922	-0.29
May	1922	1.29
Jun	1922	2.79
Jul	1922	2.62
Aug	1922	1.82
Sep	1922	1.47
Oct	1922	-3.86
Nov	1922	-1.04
Dec	1922	1.35
Jan	1923	1.27
Feb	1923	1.33
Mar	1923	-0.36
Apr	1923	0.77
May	1923	-1.23
Jun	1923	0.32
Jul	1923	2.45
Aug	1923	0.72
Sep	1923	2.1
Oct	1923	2.05
Nov	1923	0.71
Dec	1923	0.96
Jan	1924	0.46
Feb	1924	-0.89
Mar	1924	-3.49
Apr	1924	-1.52
May	1924	0.55
Jun	1924	0.34
Jul	1924	1.99
Aug	1924	2.73
Sep	1924	1.55
Oct	1924	0.52
Nov	1924	0.06
Dec	1924	2.1
Jan	1925	0.31
Feb	1925	2.3
Mar	1925	-1.79
Apr	1925	2.04
May	1925	1.94
Jun	1925	-0.24
Jul	1925	1.33
Aug	1925	1.44
Sep	1925	-0.52
Oct	1925	-1.53
Nov	1925	-2.41
Dec	1925	-3.42
Jan	1926	0.56
Feb	1926	0.75
Mar	1926	0.09
Apr	1926	0.93
May	1926	-1.79
Jun	1926	-1.65
Jul	1926	-0.18
Aug	1926	0.89
Sep	1926	-1.95
Oct	1926	-2.55
Nov	1926	2.91
Dec	1926	-1.43
Jan	1927	2.41
Feb	1927	0.2
Mar	1927	2.11
Apr	1927	0.77
May	1927	-2.58
Jun	1927	0.29
Jul	1927	-0.39
Aug	1927	1.37
Sep	1927	0.77
Oct	1927	-3.2
Nov	1927	0.32
Dec	1927	-3.16
Jan	1928	3.17
Feb	1928	1.44
Mar	1928	-0.78
Apr	1928	0.88
May	1928	-3.06
Jun	1928	-2.78
Jul	1928	0.17
Aug	1928	-1.4
Sep	1928	-1.61
Oct	1928	2.16
Nov	1928	1.73
Dec	1928	0.52
Jan	1929	-4.19
Feb	1929	-0.02
Mar	1929	-2.06
Apr	1929	-3.14
May	1929	1.89
Jun	1929	-0.75
Jul	1929	-0.94
Aug	1929	0.5
Sep	1929	0.72
Oct	1929	2.19
Nov	1929	2.44
Dec	1929	2.46
Jan	1930	2.12
Feb	1930	-0.76
Mar	1930	-0.64
Apr	1930	-0.31
May	1930	1.75
Jun	1930	2.47
Jul	1930	-0.82
Aug	1930	-0.13
Sep	1930	-2.99
Oct	1930	1.09
Nov	1930	0.97
Dec	1930	1.98
Jan	1931	0.01
Feb	1931	1.64
Mar	1931	-3.61
Apr	1931	0.93
May	1931	-0.03
Jun	1931	-1.74
Jul	1931	2.09
Aug	1931	-3.39
Sep	1931	-2.29
Oct	1931	-1.6
Nov	1931	1.84
Dec	1931	-0.45
Jan	1932	0.91
Feb	1932	-3.92
Mar	1932	-1.34
Apr	1932	1.19
May	1932	-1.54
Jun	1932	-1.59
Jul	1932	1.42
Aug	1932	0.33
Sep	1932	0.08
Oct	1932	1.75
Nov	1932	0.07
Dec	1932	-0.02
Jan	1933	0.86
Feb	1933	-1.92
Mar	1933	0.9
Apr	1933	-2.11
May	1933	-0.54
Jun	1933	1.53
Jul	1933	1.08
Aug	1933	1.38
Sep	1933	-1.58
Oct	1933	-2.11
Nov	1933	-0.1
Dec	1933	-0.93
Jan	1934	1.54
Feb	1934	0.08
Mar	1934	2.3
Apr	1934	-1.91
May	1934	1.65
Jun	1934	-2.52
Jul	1934	0.15
Aug	1934	2.88
Sep	1934	1.98
Oct	1934	1.02
Nov	1934	-1.47
Dec	1934	-0.47
Jan	1935	-0.61
Feb	1935	2.1
Mar	1935	-0.07
Apr	1935	-2.01
May	1935	-2.6
Jun	1935	0.99
Jul	1935	2.18
Aug	1935	1.77
Sep	1935	0.74
Oct	1935	3.65
Nov	1935	2.1
Dec	1935	-0.82
Jan	1936	-2.16
Feb	1936	-1.93
Mar	1936	-0.83
Apr	1936	-1.38
May	1936	0.14
Jun	1936	-0.09
Jul	1936	0.87
Aug	1936	1.56
Sep	1936	-3.08
Oct	1936	1.42
Nov	1936	1.75
Dec	1936	1.22
Jan	1937	0.94
Feb	1937	0.42
Mar	1937	-1.78
Apr	1937	0.69
May	1937	1.51
Jun	1937	-0.64
Jul	1937	-0.93
Aug	1937	0.37
Sep	1937	1.5
Oct	1937	-0.71
Nov	1937	-3.63
Dec	1937	-1.16
Jan	1938	1.91
Feb	1938	-1.3
Mar	1938	1.65
Apr	1938	-3.34
May	1938	0.87
Jun	1938	1.57
Jul	1938	2.25
Aug	1938	1.5
Sep	1938	1.44
Oct	1938	3.52
Nov	1938	2.17
Dec	1938	0.83
Jan	1939	-1.68
Feb	1939	1.9
Mar	1939	0.23
Apr	1939	-0.6
May	1939	-0.3
Jun	1939	-0.68
Jul	1939	-0.33
Aug	1939	-0.11
Sep	1939	-4.57
Oct	1939	-1.31
Nov	1939	1.72
Dec	1939	-1.63
Jan	1940	-2.48
Feb	1940	-1.52
Mar	1940	-1.27
Apr	1940	-0.5
May	1940	-0.59
Jun	1940	0.8
Jul	1940	0.04
Aug	1940	-0.5
Sep	1940	-0.17
Oct	1940	-0.34
Nov	1940	1.79
Dec	1940	-0.57
Jan	1941	-2.82
Feb	1941	-0.2
Mar	1941	-0.92
Apr	1941	-2.02
May	1941	-0.16
Jun	1941	-0.4
Jul	1941	0.86
Aug	1941	0.7
Sep	1941	-2.51
Oct	1941	-1.5
Nov	1941	-1.02
Dec	1941	0.23
Jan	1942	1.35
Feb	1942	-2.48
Mar	1942	-1.76
Apr	1942	-0.57
May	1942	-0.04
Jun	1942	-2.29
Jul	1942	1.2
Aug	1942	1.36
Sep	1942	1.48
Oct	1942	0.98
Nov	1942	-2.78
Dec	1942	0.44
Jan	1943	0.02
Feb	1943	2.21
Mar	1943	0.53
Apr	1943	2.59
May	1943	0.35
Jun	1943	0.42
Jul	1943	0.14
Aug	1943	-1.69
Sep	1943	2.47
Oct	1943	0.69
Nov	1943	0.77
Dec	1943	0.29
Jan	1944	0.82
Feb	1944	-0.65
Mar	1944	-2.27
Apr	1944	-0.61
May	1944	-0.15
Jun	1944	-0.19
Jul	1944	-3.51
Aug	1944	1.23
Sep	1944	0.63
Oct	1944	1.42
Nov	1944	0.07
Dec	1944	-1.01
Jan	1945	-2.09
Feb	1945	1.73
Mar	1945	-0.38
Apr	1945	-2.99
May	1945	-0.03
Jun	1945	0.42
Jul	1945	-0.97
Aug	1945	0.61
Sep	1945	-0.41
Oct	1945	-2.73
Nov	1945	-3.43
Dec	1945	-1.58
Jan	1946	1.61
Feb	1946	-0.21
Mar	1946	0.11
Apr	1946	2.37
May	1946	-2.55
Jun	1946	3.1
Jul	1946	1.96
Aug	1946	2.25
Sep	1946	1.61
Oct	1946	-3.47
Nov	1946	-0.56
Dec	1946	1.5
Jan	1947	0.1
Feb	1947	-3.25
Mar	1947	-2.16
Apr	1947	3.55
May	1947	-0.31
Jun	1947	0.15
Jul	1947	0.56
Aug	1947	-1.89
Sep	1947	2.14
Oct	1947	-0.65
Nov	1947	-1.93
Dec	1947	-1.97
Jan	1948	1.41
Feb	1948	-0.66
Mar	1948	1.07
Apr	1948	1.63
May	1948	-0.57
Jun	1948	0.41
Jul	1948	-0.86
Aug	1948	-0.7
Sep	1948	0.56
Oct	1948	1.02
Nov	1948	-2.01
Dec	1948	-0.08
Jan	1949	1
Feb	1949	1.44
Mar	1949	-0.44
Apr	1949	2.73
May	1949	0.54
Jun	1949	-1.71
Jul	1949	-1.72
Aug	1949	-1.62
Sep	1949	-1.19
Oct	1949	0.23
Nov	1949	2.16
Dec	1949	0.98
Jan	1950	0.07
Feb	1950	1.94
Mar	1950	-0.08
Apr	1950	2.02
May	1950	-2.43
Jun	1950	0.35
Jul	1950	0.28
Aug	1950	2.17
Sep	1950	3.18
Oct	1950	1.38
Nov	1950	-0.44
Dec	1950	-0.47
Jan	1951	1.47
Feb	1951	1.71
Mar	1951	-1.35
Apr	1951	-1.56
May	1951	-2.29
Jun	1951	-3.02
Jul	1951	-0.65
Aug	1951	3.71
Sep	1951	0.01
Oct	1951	0.51
Nov	1951	0.95
Dec	1951	2.44
Jan	1952	2.13
Feb	1952	-1.49
Mar	1952	-2
Apr	1952	2.47
May	1952	-1.98
Jun	1952	0.24
Jul	1952	0
Aug	1952	-0.59
Sep	1952	-1.97
Oct	1952	-0.22
Nov	1952	-2.55
Dec	1952	-0.55
Jan	1953	-1.38
Feb	1953	0.14
Mar	1953	-0.15
Apr	1953	-2.11
May	1953	-1.51
Jun	1953	0.81
Jul	1953	2.19
Aug	1953	1.96
Sep	1953	0.76
Oct	1953	1.01
Nov	1953	1.88
Dec	1953	0.32
Jan	1954	0.25
Feb	1954	1.6
Mar	1954	1.01
Apr	1954	0.08
May	1954	-1.84
Jun	1954	1.11
Jul	1954	3.37
Aug	1954	0.13
Sep	1954	3.16
Oct	1954	0.95
Nov	1954	2.17
Dec	1954	1.65
Jan	1955	-1.72
Feb	1955	-1.71
Mar	1955	-2.79
Apr	1955	0.08
May	1955	-0.29
Jun	1955	-0.33
Jul	1955	-0.5
Aug	1955	-0.91
Sep	1955	3.05
Oct	1955	-1.49
Nov	1955	-3.36
Dec	1955	-0.37
Jan	1956	-0.53
Feb	1956	-2.45
Mar	1956	0.6
Apr	1956	-1.6
May	1956	4
Jun	1956	0.85
Jul	1956	-0.88
Aug	1956	-0.9
Sep	1956	-0.63
Oct	1956	-0.06
Nov	1956	0.79
Dec	1956	1.6
Jan	1957	1.5
Feb	1957	-0.1
Mar	1957	-1.17
Apr	1957	0.16
May	1957	-0.14
Jun	1957	-3.1
Jul	1957	-1.29
Aug	1957	0.5
Sep	1957	-1.75
Oct	1957	1.64
Nov	1957	-2.25
Dec	1957	1.3
Jan	1958	-0.16
Feb	1958	-1.89
Mar	1958	-2.3
Apr	1958	0.87
May	1958	0.08
Jun	1958	-1.74
Jul	1958	-1.98
Aug	1958	0.53
Sep	1958	-1.53
Oct	1958	1.11
Nov	1958	1.13
Dec	1958	-0.23
Jan	1959	-2.49
Feb	1959	0.75
Mar	1959	1.46
Apr	1959	1.55
May	1959	-0.97
Jun	1959	1.35
Jul	1959	1.54
Aug	1959	-0.92
Sep	1959	-1.52
Oct	1959	0.56
Nov	1959	1.6
Dec	1959	2.41
Jan	1960	-2
Feb	1960	-2.27
Mar	1960	-0.65
Apr	1960	0.89
May	1960	-0.38
Jun	1960	0.23
Jul	1960	2.24
Aug	1960	-3.88
Sep	1960	1.02
Oct	1960	-2.74
Nov	1960	1.09
Dec	1960	2.61
Jan	1961	1.23
Feb	1961	0.94
Mar	1961	-0.11
Apr	1961	-0.38
May	1961	-0.91
Jun	1961	3.99
Jul	1961	0.38
Aug	1961	1.74
Sep	1961	2.62
Oct	1961	2.22
Nov	1961	-0.23
Dec	1961	-4.02
Jan	1962	2.34
Feb	1962	0.58
Mar	1962	-3.68
Apr	1962	0.38
May	1962	-0.13
Jun	1962	0.41
Jul	1962	-2.7
Aug	1962	2.36
Sep	1962	-0.69
Oct	1962	0.02
Nov	1962	-0.47
Dec	1962	-1.64
Jan	1963	-5.24
Feb	1963	-0.94
Mar	1963	1.27
Apr	1963	-0.94
May	1963	4.84
Jun	1963	-1.47
Jul	1963	-2.13
Aug	1963	1.63
Sep	1963	1.8
Oct	1963	1.23
Nov	1963	-0.89
Dec	1963	-3
Jan	1964	-2.09
Feb	1964	-1.6
Mar	1964	-1.35
Apr	1964	1.22
May	1964	1.87
Jun	1964	-0.24
Jul	1964	1.3
Aug	1964	-3.06
Sep	1964	-0.39
Oct	1964	0.84
Nov	1964	-0.44
Dec	1964	-0.67
Jan	1965	0.08
Feb	1965	-4.15
Mar	1965	-1
Apr	1965	3.01
May	1965	-1.31
Jun	1965	1.23
Jul	1965	-0.47
Aug	1965	1.36
Sep	1965	0.19
Oct	1965	-0.71
Nov	1965	-1.54
Dec	1965	1.01
Jan	1966	-2.99
Feb	1966	-1.39
Mar	1966	0.25
Apr	1966	-1.1
May	1966	2.15
Jun	1966	0.85
Jul	1966	0.92
Aug	1966	-2.89
Sep	1966	-1.01
Oct	1966	-3.53
Nov	1966	-0.05
Dec	1966	1.52
Jan	1967	-1.73
Feb	1967	1.48
Mar	1967	2.81
Apr	1967	0.16
May	1967	0.73
Jun	1967	1.38
Jul	1967	0.73
Aug	1967	-0.12
Sep	1967	0.48
Oct	1967	2.78
Nov	1967	0.93
Dec	1967	-1.43
Jan	1968	0.26
Feb	1968	-1.42
Mar	1968	1.75
Apr	1968	-1.57
May	1968	-1.06
Jun	1968	1.04
Jul	1968	-3.74
Aug	1968	-1.6
Sep	1968	-0.23
Oct	1968	-1.93
Nov	1968	-1.83
Dec	1968	-1.52
Jan	1969	-2.62
Feb	1969	-2.8
Mar	1969	-2.76
Apr	1969	1.47
May	1969	-0.66
Jun	1969	0.48
Jul	1969	1.5
Aug	1969	-0.65
Sep	1969	1.39
Oct	1969	0.45
Nov	1969	-0.52
Dec	1969	1.21
Jan	1970	-2.41
Feb	1970	1.34
Mar	1970	-1.4
Apr	1970	0.37
May	1970	1.8
Jun	1970	0.34
Jul	1970	0.6
Aug	1970	-0.56
Sep	1970	0.78
Oct	1970	-0.79
Nov	1970	0.35
Dec	1970	-2.06
Jan	1971	-0.67
Feb	1971	0.82
Mar	1971	0.12
Apr	1971	-1.62
May	1971	2.37
Jun	1971	-1.4
Jul	1971	-1.79
Aug	1971	3.03
Sep	1971	-2.07
Oct	1971	-0.53
Nov	1971	1.02
Dec	1971	-0.03
Jan	1972	0.41
Feb	1972	0.7
Mar	1972	1.17
Apr	1972	1.34
May	1972	2.81
Jun	1972	3.94
Jul	1972	-1.16
Aug	1972	-0.31
Sep	1972	-3.55
Oct	1972	-1.4
Nov	1972	1.34
Dec	1972	1.69
Jan	1973	-0.01
Feb	1973	2.13
Mar	1973	0.31
Apr	1973	-3.61
May	1973	-0.64
Jun	1973	2.14
Jul	1973	1.06
Aug	1973	0.95
Sep	1973	-0.17
Oct	1973	-1.4
Nov	1973	-1.53
Dec	1973	0.02
Jan	1974	2.47
Feb	1974	1.27
Mar	1974	0.16
Apr	1974	-1.16
May	1974	0.05
Jun	1974	-0.49
Jul	1974	1.78
Aug	1974	0.97
Sep	1974	2.22
Oct	1974	-0.62
Nov	1974	0.61
Dec	1974	1.69
Jan	1975	1.76
Feb	1975	-0.91
Mar	1975	-0.46
Apr	1975	0.28
May	1975	-1.55
Jun	1975	-0.9
Jul	1975	-0.51
Aug	1975	-0.69
Sep	1975	2.74
Oct	1975	-0.95
Nov	1975	0.81
Dec	1975	-1.34
Jan	1976	0.49
Feb	1976	0.9
Mar	1976	1.93
Apr	1976	-0.28
May	1976	2.98
Jun	1976	0.82
Jul	1976	-2.67
Aug	1976	-4.52
Sep	1976	-3.99
Oct	1976	1.98
Nov	1976	1.05
Dec	1976	-1.8
Jan	1977	-1.22
Feb	1977	-0.36
Mar	1977	0.02
Apr	1977	0.83
May	1977	-0.83
Jun	1977	-1.49
Jul	1977	0.65
Aug	1977	0.28
Sep	1977	-0.82
Oct	1977	1.58
Nov	1977	-0.32
Dec	1977	-1.61
Jan	1978	1.73
Feb	1978	-2.4
Mar	1978	3.35
Apr	1978	-2.07
May	1978	0.64
Jun	1978	1.5
Jul	1978	-1.35
Aug	1978	-2.25
Sep	1978	0.99
Oct	1978	-0.85
Nov	1978	2.21
Dec	1978	-2.35
Jan	1979	-2.24
Feb	1979	-1.24
Mar	1979	1.75
Apr	1979	-1.07
May	1979	0.75
Jun	1979	0.27
Jul	1979	1.03
Aug	1979	1.02
Sep	1979	0.7
Oct	1979	0.4
Nov	1979	1.23
Dec	1979	1.37
Jan	1980	-1.55
Feb	1980	0.36
Mar	1980	0.13
Apr	1980	-1.29
May	1980	-2.13
Jun	1980	2.13
Jul	1980	-0.68
Aug	1980	-2.49
Sep	1980	2.44
Oct	1980	-0.66
Nov	1980	-3.12
Dec	1980	1.23
Jan	1981	0.94
Feb	1981	0.95
Mar	1981	-0.75
Apr	1981	-1.74
May	1981	0.64
Jun	1981	-1.77
Jul	1981	1.84
Aug	1981	0.01
Sep	1981	0.41
Oct	1981	0.77
Nov	1981	-0.92
Dec	1981	-1.08
Jan	1982	-1.48
Feb	1982	1.59
Mar	1982	2.44
Apr	1982	-1.09
May	1982	1.19
Jun	1982	-2.59
Jul	1982	-0.69
Aug	1982	3.84
Sep	1982	0.9
Oct	1982	1.27
Nov	1982	2.65
Dec	1982	2.45
Jan	1983	2.48
Feb	1983	-1.52
Mar	1983	1.94
Apr	1983	-0.91
May	1983	0.39
Jun	1983	0.21
Jul	1983	-0.39
Aug	1983	1.54
Sep	1983	-1.23
Oct	1983	2.16
Nov	1983	-3.93
Dec	1983	0.2
Jan	1984	3.58
Feb	1984	1.32
Mar	1984	-1.97
Apr	1984	-1.4
May	1984	1.27
Jun	1984	0.7
Jul	1984	-1.53
Aug	1984	0.4
Sep	1984	0.5
Oct	1984	1.48
Nov	1984	0.69
Dec	1984	1.11
Jan	1985	-2.62
Feb	1985	-1.36
Mar	1985	0.57
Apr	1985	0.31
May	1985	-0.68
Jun	1985	-1.37
Jul	1985	1.05
Aug	1985	2.45
Sep	1985	-1.57
Oct	1985	-0.42
Nov	1985	-3.14
Dec	1985	-0.77
Jan	1986	2.72
Feb	1986	-2.54
Mar	1986	3.98
Apr	1986	-0.05
May	1986	2.46
Jun	1986	0.47
Jul	1986	0.76
Aug	1986	-4.8
Sep	1986	-3.43
Oct	1986	3.33
Nov	1986	3.73
Dec	1986	1.73
Jan	1987	-3.59
Feb	1987	-0.7
Mar	1987	0
Apr	1987	0.53
May	1987	-1.54
Jun	1987	-0.97
Jul	1987	-0.04
Aug	1987	-3.46
Sep	1987	0.25
Oct	1987	1.05
Nov	1987	-0.27
Dec	1987	-2.51
Jan	1988	1.55
Feb	1988	0.48
Mar	1988	0.83
Apr	1988	-2.28
May	1988	-0.27
Jun	1988	0.21
Jul	1988	1.88
Aug	1988	2.22
Sep	1988	0.77
Oct	1988	-0.98
Nov	1988	-2.68
Dec	1988	-0.13
Jan	1989	2.07
Feb	1989	3.12
Mar	1989	3.23
Apr	1989	0.82
May	1989	-0.23
Jun	1989	-1.17
Jul	1989	-0.54
Aug	1989	3.29
Sep	1989	-0.04
Oct	1989	0.85
Nov	1989	-1.31
Dec	1989	-3.23
Jan	1990	3.16
Feb	1990	3.25
Mar	1990	2.12
Apr	1990	2.87
May	1990	-3.24
Jun	1990	1.63
Jul	1990	0.05
Aug	1990	1.16
Sep	1990	-0.32
Oct	1990	1.01
Nov	1990	-1.61
Dec	1990	0.83
Jan	1991	0.87
Feb	1991	0.53
Mar	1991	0.08
Apr	1991	1.17
May	1991	0.18
Jun	1991	0.38
Jul	1991	-0.63
Aug	1991	1.07
Sep	1991	0.35
Oct	1991	-0.33
Nov	1991	1.86
Dec	1991	-0.87
Jan	1992	-1.67
Feb	1992	1.86
Mar	1992	2.51
Apr	1992	2.05
May	1992	-0.73
Jun	1992	-0.49
Jul	1992	0.57
Aug	1992	3.65
Sep	1992	0.74
Oct	1992	-1.41
Nov	1992	3.36
Dec	1992	0.97
Jan	1993	2.13
Feb	1993	-0.13
Mar	1993	0.91
Apr	1993	1.69
May	1993	-2.97
Jun	1993	-0.37
Jul	1993	1.04
Aug	1993	-1.28
Sep	1993	-0.68
Oct	1993	-3.21
Nov	1993	1.92
Dec	1993	2.97
Jan	1994	2.3
Feb	1994	-0.24
Mar	1994	4.24
Apr	1994	1.45
May	1994	-0.57
Jun	1994	2.02
Jul	1994	0.79
Aug	1994	-1
Sep	1994	-0.11
Oct	1994	-1.16
Nov	1994	-0.14
Dec	1994	1.63
Jan	1995	2.02
Feb	1995	2.31
Mar	1995	1.91
Apr	1995	-2.1
May	1995	-0.92
Jun	1995	-2.73
Jul	1995	-1.45
Aug	1995	-2.46
Sep	1995	0.3
Oct	1995	-0.19
Nov	1995	-3.18
Dec	1995	-4.14
Jan	1996	-1.48
Feb	1996	0.9
Mar	1996	-2.79
Apr	1996	-0.97
May	1996	-1.75
Jun	1996	0.7
Jul	1996	1.36
Aug	1996	0.59
Sep	1996	-0.9
Oct	1996	1.29
Nov	1996	1.62
Dec	1996	-3.4
Jan	1997	-2.58
Feb	1997	3.37
Mar	1997	1.35
Apr	1997	-2.77
May	1997	-1.53
Jun	1997	-2.59
Jul	1997	0.66
Aug	1997	0.67
Sep	1997	-1.18
Oct	1997	-2.95
Nov	1997	-0.15
Dec	1997	-1.1
Jan	1998	-0.41
Feb	1998	0.35
Mar	1998	0.14
Apr	1998	0.82
May	1998	-0.7
Jun	1998	-0.83
Jul	1998	0.66
Aug	1998	1.25
Sep	1998	-1.41
Oct	1998	1.22
Nov	1998	0.69
Dec	1998	1.46
Jan	1999	1.55
Feb	1999	1.73
Mar	1999	0.6
Apr	1999	0.04
May	1999	0.17
Jun	1999	1.05
Jul	1999	-1.45
Aug	1999	-3.16
Sep	1999	0.93
Oct	1999	0.44
Nov	1999	0.6
Dec	1999	1.53
Jan	2000	0.07
Feb	2000	2.75
Mar	2000	-0.13
Apr	2000	-2.25
May	2000	1.12
Jun	2000	-0.27
Jul	2000	-2.67
Aug	2000	0.6
Sep	2000	0.41
Oct	2000	3.54
Nov	2000	0.43
Dec	2000	-1.58
Jan	2001	-0.03
Feb	2001	-0.63
Mar	2001	-1.2
Apr	2001	1.41
May	2001	-1.18
Jun	2001	-1.8
Jul	2001	0.68
